2	1	0	26	53392	0
4	2	0	6	35594	3
6	3	0	8	54837	1
8	4	0	19	63374	0
10	5	0	8	26339	0
12	6	0	28	6945	0
14	7	0	34	59457	0
16	8	0	15	37448	0
18	9	0	35	27708	0
20	10	0	45	19312	0
22	11	0	25	8544	0
24	12	0	44	7539	0
26	13	0	38	65376	0
28	14	0	37	61375	0
30	15	0	38	55922	0
32	16	0	53	53710	0
34	17	0	43	47898	0
36	18	0	28	46054	0
38	19	0	31	42311	0
40	20	0	51	41272	0
42	21	0	61	39144	0
44	22	0	51	36727	0
46	23	0	67	37279	0
48	24	0	53	33210	0
50	25	0	63	34613	0
52	26	0	56	29633	0
54	27	0	56	29088	0
56	28	0	62	27827	0
58	29	0	76	26457	0
60	30	0	75	26098	0
62	31	0	48	26318	0
64	32	0	60	24006	0
66	33	0	61	23446	0
68	34	0	78	22749	0
70	35	0	82	18526	0
72	36	1	64	19082	0
74	37	0	60	19738	0
76	38	62	62	19559	0
78	39	61	68	18722	0
80	40	63	63	18061	0
82	41	188	89	17506	0
84	42	68	77	16669	0
86	43	203	81	16235	0
88	44	104	88	15339	0
90	45	136	73	15220	0
92	46	90	82	14371	0
94	47	61	72	13892	0
96	48	83	85	13635	0
98	49	58	89	13336	0
100	50	111	79	13073	0
102	51	401	69	12822	0
104	52	661	76	12580	0
106	53	898	68	12348	0
108	54	1143	78	12122	0
110	55	1372	80	11906	0
112	56	1604	91	16845	0
114	57	1786	108	13159	0
116	58	3	119	9695	0
118	59	253	108	9528	0
120	60	178	116	9696	0
122	61	282	119	9678	0
124	62	517	108	9526	0
126	63	721	105	9376	0
128	64	922	90	9232	0
130	65	1124	103	9092	0
132	66	1332	137	9718	0
134	67	599	116	8758	0
136	68	799	101	8274	0
138	69	999	136	8439	0
140	70	366	126	7412	0
142	71	62	116	6948	0
144	72	426	122	7222	0
146	73	78	135	6758	0
148	74	58	141	6668	0
150	75	1	130	6581	0
152	76	202	109	6495	0
154	77	400	122	6411	0
156	78	550	124	6330	0
158	79	780	124	6251	0
160	80	898	108	6174	0
162	81	1060	108	6099	0
164	82	1204	124	6025	0
166	83	1373	123	5953	0
168	84	1517	121	5883	0
170	85	1660	108	5815	0
172	86	1787	124	5748	0
174	87	1930	108	5683	0
176	88	2085	107	5619	0
178	89	2221	108	5558	0
180	90	2353	123	5495	0
182	91	2506	122	5435	0
184	92	2635	106	5377	0
186	93	2763	108	5320	0
188	94	2868	108	5264	0
190	95	3002	106	5209	0
192	96	3115	121	5155	0
194	97	3228	108	5103	0
196	98	3365	121	5051	0
198	99	3459	105	5001	0
200	100	3534	121	4951	0
202	101	3673	123	4902	0
204	102	3731	106	4855	0
206	103	3843	120	4808	0
208	104	3965	121	4762	0
210	105	4040	122	4717	0
212	106	4151	120	4673	0
214	107	4256	119	4630	0
216	108	4385	106	4588	0
218	109	4543	106	4546	0
220	110	4614	120	4505	0
222	111	4664	106	4465	0
224	112	4762	188	7136	0
226	113	4844	217	8756	0
228	114	4944	220	5853	0
230	115	5026	224	4318	0
232	116	3280	180	3428	0
234	117	2688	185	2988	0
236	118	2241	175	2369	0
238	119	2085	187	2087	0
240	120	2135	173	2068	0
242	121	2340	168	2343	0
244	122	2705	159	2708	0
246	123	2686	168	2687	0
248	124	2754	166	2667	0
250	125	2821	165	2647	0
252	126	2931	180	2625	0
254	127	3036	162	2605	0
256	128	3099	154	2586	0
258	129	3204	175	2565	0
260	130	3270	175	2545	0
262	131	3365	162	2526	0
264	132	3444	236	4382	0
266	133	3531	249	3036	0
268	134	2163	204	1553	0
270	135	1804	244	2071	0
272	136	1315	225	912	0
274	137	2252	179	1618	0
276	138	2606	213	2937	0
278	139	2701	259	1999	0
280	140	937	241	617	0
282	141	2101	195	1402	0
284	142	1991	255	1843	0
286	143	70	239	8	0
288	144	737	245	505	0
290	145	1029	244	619	0
292	146	347	249	174	0
294	147	79	245	2	0
296	148	64	250	2	0
298	149	59	248	2	0
300	150	36	251	2	0
302	151	2	245	3	0
304	152	1	241	2	0
306	153	204	232	2	0
308	154	282	232	2	0
310	155	400	232	1	0
312	156	468	232	1	0
314	157	550	232	1	0
316	158	661	232	1	0
318	159	781	232	1	0
320	160	810	232	1	0
322	161	898	232	1	0
324	162	998	232	1	0
326	163	1059	232	1	0
328	164	1142	232	1	0
330	165	1204	232	1	0
332	166	1294	232	1	0
334	167	1373	232	1	0
336	168	1459	232	1	0
338	169	1517	232	1	0
340	170	1604	232	1	0
342	171	1660	232	1	0
344	172	1733	232	1	0
346	173	1787	232	1	0
348	174	1903	232	1	0
350	175	1931	232	1	0
352	176	2004	232	1	0
354	177	2085	232	1	0
356	178	2178	232	1	0
358	179	2221	232	1	0
360	180	2324	232	1	0
362	181	2353	232	1	0
364	182	2440	232	1	0
366	183	2507	232	1	0
368	184	2566	232	1	0
370	185	2636	232	1	0
372	186	2673	232	1	0
374	187	2765	232	1	0
376	188	2847	232	1	0
378	189	2870	232	1	0
380	190	2930	232	1	0
382	191	3003	232	1	0
384	192	3054	232	1	0
386	193	3115	232	1	0
388	194	3155	232	1	0
390	195	3221	232	1	0
392	196	3284	232	1	0
394	197	3366	232	1	0
396	198	3379	232	1	0
398	199	3460	232	1	0
400	200	3481	232	1	0
402	201	3535	232	1	0
404	202	3581	232	1	0
406	203	3675	232	1	0
408	204	3685	232	1	0
410	205	3732	232	1	0
412	206	3794	232	1	0
414	207	3844	232	1	0
416	208	3893	232	1	0
418	209	3966	232	1	0
420	210	4008	232	1	0
422	211	4042	232	1	0
424	212	4106	232	1	0
426	213	4152	232	1	0
428	214	4185	232	1	0
430	215	4257	232	1	0
432	216	4299	232	1	0
434	217	4386	232	1	0
436	218	4563	232	1	0
438	219	4544	232	1	0
440	220	4523	232	1	0
442	221	4615	232	1	0
444	222	4640	232	1	0
446	223	4665	232	1	0
448	224	4704	232	1	0
450	225	4763	232	1	0
452	226	4771	232	1	0
454	227	4846	232	1	0
456	228	4886	232	1	0
458	229	4946	232	1	0
460	230	4981	232	1	0
462	231	5027	232	1	0
464	232	5070	232	1	0
466	233	5111	232	1	0
468	234	5149	232	1	0
470	235	5177	232	1	0
472	236	5210	232	1	0
474	237	5250	232	1	0
476	238	5284	232	1	0
478	239	5301	232	1	0
480	240	5352	232	1	0
482	241	5413	232	1	0
484	242	5485	232	1	0
486	243	5462	232	1	0
488	244	5471	232	1	0
490	245	5498	232	1	0
492	246	5564	232	1	0
494	247	5604	232	1	0
496	248	5621	232	1	0
498	249	5691	232	1	0
500	250	5726	232	1	0
502	251	5760	232	1	0
504	252	5810	232	1	0
506	253	5904	232	1	0
508	254	5881	232	1	0
510	255	5928	232	1	0
512	256	5945	232	1	0
514	257	5974	232	1	0
516	258	6021	232	1	0
518	259	6063	232	1	0
520	260	6079	232	1	0
522	261	6105	232	1	0
524	262	6140	232	1	0
526	263	6196	232	1	0
528	264	6213	232	1	0
530	265	6263	232	1	0
532	266	6240	232	1	0
534	267	6312	232	1	0
536	268	6348	232	1	0
538	269	6376	232	1	0
540	270	6416	232	2	0
542	271	6432	232	1	0
544	272	6469	232	1	0
546	273	6515	232	2	0
548	274	6543	232	1	0
550	275	6559	232	0	0
552	276	6616	232	2	0
554	277	6607	232	2	0
556	278	6653	232	0	0
558	279	6667	232	0	0
560	280	6705	232	0	0
562	281	6734	232	0	0
564	282	6768	232	0	0
566	283	6783	232	0	0
568	284	6828	232	0	0
570	285	6878	232	0	0
572	286	6964	237	0	0
574	287	6941	232	0	0
576	288	6917	232	0	0
578	289	6983	232	0	0
580	290	7000	232	0	0
582	291	7008	232	0	0
584	292	7023	232	0	0
586	293	7041	232	0	0
588	294	7058	232	0	0
590	295	7098	232	0	0
592	296	7131	232	0	0
594	297	7154	232	0	0
596	298	7176	232	0	0
598	299	7203	232	0	0
600	300	7244	232	0	0
602	301	7280	232	0	0
604	302	7303	232	0	0
606	303	7305	232	0	0
608	304	7340	232	0	0
610	305	7349	232	0	0
612	306	7398	232	0	0
614	307	7417	232	0	0
616	308	7439	232	0	0
618	309	7484	232	0	0
620	310	7498	232	0	0
622	311	7475	232	0	0
624	312	7527	232	0	0
626	313	7559	232	0	0
628	314	7566	232	0	0
630	315	7590	232	0	0
632	316	7614	232	0	0
634	317	7660	232	0	0
636	318	7665	232	0	0
638	319	7697	232	0	0
640	320	7736	232	0	0
642	321	7760	232	0	0
644	322	7736	232	0	0
646	323	7776	232	0	0
648	324	7791	232	0	0
650	325	7814	232	0	0
652	326	7859	232	0	0
654	327	7871	232	0	0
656	328	7897	232	0	0
658	329	7874	232	0	0
660	330	7926	232	0	0
662	331	7956	232	0	0
664	332	8004	232	0	0
666	333	7980	232	0	0
668	334	8009	232	0	0
670	335	8019	232	0	0
672	336	8050	232	0	0
674	337	8064	232	0	0
676	338	8092	232	0	0
678	339	8085	232	0	0
680	340	8126	232	0	0
682	341	8183	232	0	0
684	342	8159	232	0	0
686	343	8172	232	0	0
688	344	8208	232	0	0
690	345	8222	232	0	0
692	346	8238	232	0	0
694	347	8257	232	0	0
696	348	8273	232	0	0
698	349	8296	232	0	0
700	350	8313	232	0	0
702	351	8330	232	0	0
704	352	8377	232	0	0
706	353	8470	232	0	0
708	354	8447	232	0	0
710	355	8424	232	0	0
712	356	8458	232	0	0
714	357	8463	232	0	0
716	358	8468	232	0	0
718	359	8478	232	0	0
720	360	8485	232	0	0
722	361	8495	232	0	0
724	362	8511	232	0	0
726	363	8543	232	0	0
728	364	8557	232	0	0
730	365	8557	232	0	0
732	366	8623	232	0	0
734	367	8613	232	0	0
736	368	8629	232	0	0
738	369	8644	232	0	0
740	370	8680	232	0	0
742	371	8688	232	0	0
744	372	8709	232	0	0
746	373	8710	232	0	0
748	374	8723	232	0	0
750	375	8742	232	0	0
752	376	8776	232	0	0
754	377	8813	232	0	0
756	378	8790	232	0	0
758	379	8787	232	0	0
760	380	8836	232	0	0
762	381	8846	232	0	0
764	382	8873	232	0	0
766	383	8867	232	0	0
768	384	8886	232	0	0
770	385	8919	232	0	0
772	386	8923	232	0	0
774	387	8941	232	0	0
776	388	8993	233	0	0
778	389	8971	232	0	0
780	390	8989	232	0	0
782	391	8997	232	0	0
784	392	9007	232	0	0
786	393	9021	232	0	0
788	394	9051	232	0	0
790	395	9055	232	0	0
792	396	9064	232	0	0
794	397	9103	232	0	0
796	398	9110	232	0	0
798	399	9127	232	0	0
800	400	9140	232	0	0
802	401	9130	232	0	0
804	402	9151	232	0	0
806	403	9169	232	0	0
808	404	9167	232	0	0
810	405	9197	232	0	0
812	406	9211	232	0	0
814	407	9234	232	0	0
816	408	9233	232	0	0
818	409	9265	232	0	0
820	410	9270	232	0	0
822	411	9277	232	0	0
824	412	9290	232	0	0
826	413	9312	232	0	0
828	414	9316	232	0	0
830	415	9335	232	0	0
832	416	9349	232	0	0
834	417	9348	232	0	0
836	418	9369	232	0	0
838	419	9388	232	0	0
840	420	9423	232	0	0
842	421	9474	234	0	0
844	422	9453	232	0	0
846	423	9430	232	0	0
848	424	9470	232	0	0
850	425	9475	232	0	0
852	426	9475	232	0	0
854	427	9478	232	0	0
856	428	9488	232	0	0
858	429	9498	232	0	0
860	430	9517	232	0	0
862	431	9512	232	0	0
864	432	9539	232	0	0
866	433	9543	232	0	0
868	434	9564	232	0	0
870	435	9586	232	0	0
872	436	9606	232	0	0
874	437	9605	232	0	0
876	438	9614	232	0	0
878	439	9632	232	0	0
880	440	9643	232	0	0
882	441	9662	232	0	0
884	442	9670	232	0	0
886	443	9681	232	0	0
888	444	9707	232	0	0
890	445	9713	232	0	0
892	446	9692	232	0	0
894	447	9722	232	0	0
896	448	9740	232	0	0
898	449	9755	232	0	0
900	450	9761	232	0	0
902	451	9763	232	0	0
904	452	9791	232	0	0
906	453	9789	232	0	0
908	454	9801	232	0	0
910	455	9831	232	0	0
912	456	9843	232	0	0
914	457	9847	232	0	0
916	458	9851	232	0	0
918	459	9853	232	0	0
920	460	9857	232	0	0
922	461	9871	232	0	0
924	462	9885	232	0	0
926	463	9910	232	0	0
928	464	9888	232	0	0
930	465	9921	232	0	0
932	466	9937	232	0	0
934	467	9967	232	0	0
936	468	9947	232	0	0
938	469	9949	232	0	0
940	470	9966	232	0	0
942	471	9983	232	0	0
944	472	9991	232	0	0
946	473	10004	232	0	0
948	474	10014	232	0	0
950	475	10024	232	0	0
952	476	10041	232	0	0
954	477	10039	232	0	0
956	478	10043	232	0	0
958	479	10065	232	0	0
960	480	10073	232	0	0
962	481	10073	232	0	0
964	482	10093	232	0	0
966	483	10098	232	0	0
968	484	10112	232	0	0
970	485	10125	232	0	0
972	486	10130	232	0	0
974	487	10160	232	0	0
976	488	10220	232	0	0
978	489	10200	232	0	0
980	490	10180	232	0	0
982	491	10204	232	0	0
984	492	10205	232	0	0
986	493	10206	232	0	0
988	494	10210	232	0	0
990	495	10209	232	0	0
992	496	10213	232	0	0
994	497	10224	232	0	0
996	498	10267	232	0	0
998	499	10250	232	0	0
1000	500	10262	232	0	0
1002	501	10288	232	0	0
1004	502	10269	232	0	0
1006	503	10290	232	0	0
1008	504	10300	232	0	0
1010	505	10305	232	0	0
1012	506	10311	232	0	0
1014	507	10329	232	0	0
1016	508	10328	232	0	0
1018	509	10340	232	0	0
1020	510	10347	232	0	0
1022	511	10368	232	0	0
1024	512	10392	232	0	0
1026	513	10371	232	0	0
1028	514	10390	232	0	0
1030	515	10400	232	0	0
1032	516	10411	232	0	0
1034	517	10420	232	0	0
1036	518	10415	232	0	0
1038	519	10437	232	0	0
1040	520	10438	232	0	0
1042	521	10445	232	0	0
1044	522	10463	232	0	0
1046	523	10492	232	0	0
1048	524	10472	232	0	0
1050	525	10486	232	0	0
1052	526	10486	232	0	0
1054	527	10491	232	0	0
1056	528	10527	232	0	0
1058	529	10512	232	0	0
1060	530	10519	232	0	0
1062	531	10522	232	0	0
1064	532	10532	232	0	0
1066	533	10550	232	0	0
1068	534	10562	232	0	0
1070	535	10567	232	0	0
1072	536	10549	232	0	0
1074	537	10576	232	0	0
1076	538	10587	232	0	0
1078	539	10592	232	0	0
1080	540	10604	232	0	0
1082	541	10607	232	0	0
1084	542	10606	232	0	0
1086	543	10622	232	0	0
1088	544	10638	232	0	0
1090	545	10640	232	0	0
1092	546	10651	232	0	0
1094	547	10652	232	0	0
1096	548	10663	232	0	0
1098	549	10663	232	0	0
1100	550	10679	232	0	0
1102	551	10684	232	0	0
1104	552	10689	232	0	0
1106	553	10699	232	0	0
1108	554	10721	232	0	0
1110	555	10735	232	0	0
1112	556	10768	232	0	0
1114	557	10750	232	0	0
1116	558	10762	232	0	0
1118	559	10760	232	0	0
1120	560	10757	232	0	0
1122	561	10758	232	0	0
1124	562	10761	232	0	0
1126	563	10763	232	0	0
1128	564	10763	232	0	0
1130	565	10777	232	0	0
1132	566	10787	232	0	0
1134	567	10801	232	0	0
1136	568	10799	232	0	0
1138	569	10814	232	0	0
1140	570	10813	232	0	0
1142	571	10835	232	0	0
1144	572	10855	232	0	0
1146	573	10837	232	0	0
1148	574	10850	232	0	0
1150	575	10848	232	0	0
1152	576	10868	232	0	0
1154	577	10872	232	0	0
1156	578	10878	232	0	0
1158	579	10896	232	0	0
1160	580	10898	232	0	0
1162	581	10880	232	0	0
1164	582	10900	232	0	0
1166	583	10912	232	0	0
1168	584	10910	232	0	0
1170	585	10924	232	0	0
1172	586	10927	232	0	0
1174	587	10935	232	0	0
1176	588	10946	232	0	0
1178	589	10953	232	0	0
1180	590	10965	232	0	0
1182	591	10977	233	0	0
1184	592	10980	232	0	0
1186	593	10977	232	0	0
1188	594	10980	232	0	0
1190	595	10982	232	0	0
1192	596	11005	232	0	0
1194	597	11006	232	0	0
1196	598	11014	232	0	0
1198	599	11007	232	0	0
1200	600	11023	232	0	0
1202	601	11027	232	0	0
1204	602	11051	232	0	0
1206	603	11033	232	0	0
1208	604	11040	232	0	0
1210	605	11046	232	0	0
1212	606	11057	232	0	0
1214	607	11060	232	0	0
1216	608	11072	232	0	0
1218	609	11062	232	0	0
1220	610	11080	232	0	0
1222	611	11107	232	0	0
1224	612	11089	232	0	0
1226	613	11091	232	0	0
1228	614	11109	232	0	0
1230	615	11110	232	0	0
1232	616	11114	232	0	0
1234	617	11122	232	0	0
1236	618	11124	232	0	0
1238	619	11140	232	0	0
1240	620	11145	232	0	0
1242	621	11149	232	0	0
1244	622	11169	232	0	0
1246	623	11212	232	0	0
1248	624	11199	232	0	0
1250	625	11178	232	0	0
1252	626	11196	232	0	0
1254	627	11196	232	0	0
1256	628	11194	232	0	0
1258	629	11196	232	0	0
1260	630	11192	232	0	0
1262	631	11194	232	0	0
1264	632	11201	232	0	0
1266	633	11208	232	0	0
1268	634	11216	232	0	0
1270	635	11227	232	0	0
1272	636	11240	232	0	0
1274	637	11229	232	0	0
1276	638	11244	232	0	0
1278	639	11250	232	0	0
1280	640	11256	232	0	0
1282	641	11258	232	0	0
1284	642	11272	232	0	0
1286	643	11268	232	0	0
1288	644	11276	232	0	0
1290	645	11287	232	0	0
1292	646	11297	232	0	0
1294	647	11313	232	0	0
1296	648	11295	232	0	0
1298	649	11289	232	0	0
1300	650	11316	232	0	0
1302	651	11316	232	0	0
1304	652	11328	232	0	0
1306	653	11331	232	0	0
1308	654	11329	232	0	0
1310	655	11337	232	0	0
1312	656	11345	232	0	0
1314	657	11349	232	0	0
1316	658	11376	232	0	0
1318	659	11362	232	0	0
1320	660	11368	232	0	0
1322	661	11367	232	0	0
1324	662	11372	232	0	0
1326	663	11384	232	0	0
1328	664	11381	232	0	0
1330	665	11381	232	0	0
1332	666	11391	232	0	0
1334	667	11399	232	0	0
1336	668	11405	232	0	0
1338	669	11408	232	0	0
1340	670	11422	232	0	0
1342	671	11415	232	0	0
1344	672	11414	232	0	0
1346	673	11428	232	0	0
1348	674	11432	232	0	0
1350	675	11439	232	0	0
1352	676	11446	232	0	0
1354	677	11451	232	0	0
1356	678	11462	232	0	0
1358	679	11466	232	0	0
1360	680	11468	232	0	0
1362	681	11474	232	0	0
1364	682	11486	232	0	0
1366	683	11483	232	0	0
1368	684	11484	232	0	0
1370	685	11492	232	0	0
1372	686	11495	232	0	0
1374	687	11497	232	0	0
1376	688	11503	232	0	0
1378	689	11515	232	0	0
1380	690	11533	232	0	0
1382	691	11559	232	0	0
1384	692	11543	232	0	0
1386	693	11550	232	0	0
1388	694	11548	232	0	0
1390	695	11543	232	0	0
1392	696	11545	232	0	0
1394	697	11543	232	0	0
1396	698	11543	232	0	0
1398	699	11554	232	0	0
1400	700	11554	232	0	0
1402	701	11561	232	0	0
1404	702	11565	232	0	0
1406	703	11568	232	0	0
1408	704	11573	232	0	0
1410	705	11577	232	0	0
1412	706	11594	232	0	0
1414	707	11594	232	0	0
1416	708	11593	232	0	0
1418	709	11601	232	0	0
1420	710	11599	232	0	0
1422	711	11614	232	0	0
1424	712	11616	232	0	0
1426	713	11620	232	0	0
1428	714	11626	232	0	0
1430	715	11634	232	0	0
1432	716	11626	232	0	0
1434	717	11635	232	0	0
1436	718	11644	232	0	0
1438	719	11647	232	0	0
1440	720	11647	232	0	0
1442	721	11654	232	0	0
1444	722	11668	232	0	0
1446	723	11661	232	0	0
1448	724	11668	232	0	0
1450	725	11683	232	0	0
1452	726	11687	232	0	0
1454	727	11688	232	0	0
1456	728	11688	232	0	0
1458	729	11686	232	0	0
1460	730	11700	232	0	0
1462	731	11695	232	0	0
1464	732	11701	232	0	0
1466	733	11712	232	0	0
1468	734	11706	232	0	0
1470	735	11717	232	0	0
1472	736	11723	232	0	0
1474	737	11742	232	0	0
1476	738	11726	232	0	0
1478	739	11728	232	0	0
1480	740	11730	232	0	0
1482	741	11740	232	0	0
1484	742	11742	232	0	0
1486	743	11751	232	0	0
1488	744	11742	232	0	0
1490	745	11761	232	0	0
1492	746	11775	232	0	0
1494	747	11761	232	0	0
1496	748	11772	232	0	0
1498	749	11774	232	0	0
1500	750	11774	232	0	0
1502	751	11780	232	0	0
1504	752	11786	232	0	0
1506	753	11786	232	0	0
1508	754	11791	232	0	0
1510	755	11793	232	0	0
1512	756	11801	232	0	0
1514	757	11816	232	0	0
1516	758	11852	232	0	0
1518	759	11838	232	0	0
1520	760	11826	232	0	0
1522	761	11835	232	0	0
1524	762	11832	232	0	0
1526	763	11831	232	0	0
1528	764	11833	232	0	0
1530	765	11829	232	0	0
1532	766	11830	232	0	0
1534	767	11836	232	0	0
1536	768	11839	232	0	0
1538	769	11846	232	0	0
1540	770	11846	232	0	0
1542	771	11869	232	0	0
1544	772	11860	232	0	0
1546	773	11859	232	0	0
1548	774	11868	232	0	0
1550	775	11880	232	0	0
1552	776	11882	232	0	0
1554	777	11886	232	0	0
1556	778	11881	232	0	0
1558	779	11887	232	0	0
1560	780	11893	232	0	0
1562	781	11901	232	0	0
1564	782	11918	232	0	0
1566	783	11900	232	0	0
1568	784	11895	232	0	0
1570	785	11916	232	0	0
1572	786	11915	232	0	0
1574	787	11928	232	0	0
1576	788	11910	232	0	0
1578	789	11930	232	0	0
1580	790	11932	232	0	0
1582	791	11933	232	0	0
1584	792	11946	232	0	0
1586	793	11960	232	0	0
1588	794	11945	232	0	0
1590	795	11953	232	0	0
1592	796	11951	232	0	0
1594	797	11951	232	0	0
1596	798	11960	232	0	0
1598	799	11964	232	0	0
1600	800	11960	232	0	0
1602	801	11966	232	0	0
1604	802	11971	232	0	0
1606	803	11976	232	0	0
1608	804	11988	232	0	0
1610	805	11989	232	0	0
1612	806	11977	232	0	0
1614	807	11991	232	0	0
1616	808	11989	232	0	0
1618	809	11995	232	0	0
1620	810	12003	232	0	0
1622	811	12003	232	0	0
1624	812	12012	232	0	0
1626	813	12007	232	0	0
1628	814	12021	232	0	0
1630	815	12019	232	0	0
1632	816	12020	232	0	0
1634	817	12026	232	0	0
1636	818	12035	232	0	0
1638	819	12029	232	0	0
1640	820	12041	232	0	0
1642	821	12039	232	0	0
1644	822	12040	232	0	0
1646	823	12043	232	0	0
1648	824	12056	232	0	0
1650	825	12064	232	0	0
1652	826	12090	232	0	0
1654	827	12073	232	0	0
1656	828	12061	232	0	0
1658	829	12076	232	0	0
1660	830	12076	232	0	0
1662	831	12072	232	0	0
1664	832	12071	232	0	0
1666	833	12076	232	0	0
1668	834	12075	232	0	0
1670	835	12084	232	0	0
1672	836	12076	232	0	0
1674	837	12088	232	0	0
1676	838	12086	232	0	0
1678	839	12098	232	0	0
1680	840	12100	232	0	0
1682	841	12109	232	0	0
1684	842	12111	232	0	0
1686	843	12107	232	0	0
1688	844	12114	232	0	0
1690	845	12116	232	0	0
1692	846	12124	232	0	0
1694	847	12127	232	0	0
1696	848	12128	232	0	0
1698	849	12132	232	0	0
1700	850	12142	232	0	0
1702	851	12124	232	0	0
1704	852	12136	232	0	0
1706	853	12145	232	0	0
1708	854	12136	232	0	0
1710	855	12147	232	0	0
1712	856	12149	232	0	0
1714	857	12155	232	0	0
1716	858	12160	232	0	0
1718	859	12164	232	0	0
1720	860	12173	232	0	0
1722	861	12180	232	0	0
1724	862	12177	232	0	0
1726	863	12176	232	0	0
1728	864	12178	232	0	0
1730	865	12173	232	0	0
1732	866	12178	232	0	0
1734	867	12187	232	0	0
1736	868	12193	232	0	0
1738	869	12180	232	0	0
1740	870	12198	232	0	0
1742	871	12201	232	0	0
1744	872	12213	233	0	0
1746	873	12203	232	0	0
1748	874	12205	232	0	0
1750	875	12201	232	0	0
1752	876	12214	232	0	0
1754	877	12218	232	0	0
1756	878	12225	232	0	0
1758	879	12213	232	0	0
1760	880	12228	232	0	0
1762	881	12224	232	0	0
1764	882	12229	232	0	0
1766	883	12230	232	0	0
1768	884	12237	232	0	0
1770	885	12237	232	0	0
1772	886	12242	232	0	0
1774	887	12248	232	0	0
1776	888	12249	232	0	0
1778	889	12249	232	0	0
1780	890	12253	232	0	0
1782	891	12262	232	0	0
1784	892	12269	232	0	0
1786	893	12298	232	0	0
1788	894	12288	232	0	0
1790	895	12277	232	0	0
1792	896	12284	232	0	0
1794	897	12282	232	0	0
1796	898	12281	232	0	0
1798	899	12283	232	0	0
1800	900	12277	232	0	0
1802	901	12276	232	0	0
1804	902	12281	232	0	0
1806	903	12289	232	0	0
1808	904	12290	232	0	0
1810	905	12294	232	0	0
1812	906	12302	232	0	0
1814	907	12296	232	0	0
1816	908	12307	232	0	0
1818	909	12307	232	0	0
1820	910	12308	232	0	0
1822	911	12310	232	0	0
1824	912	12319	232	0	0
1826	913	12318	232	0	0
1828	914	12321	232	0	0
1830	915	12323	232	0	0
1832	916	12329	232	0	0
1834	917	12342	232	0	0
1836	918	12332	232	0	0
1838	919	12323	232	0	0
1840	920	12339	232	0	0
1842	921	12339	232	0	0
1844	922	12347	232	0	0
1846	923	12336	232	0	0
1848	924	12349	232	0	0
1850	925	12350	232	0	0
1852	926	12352	232	0	0
1854	927	12356	232	0	0
1856	928	12375	233	0	0
1858	929	12363	232	0	0
1860	930	12370	232	0	0
1862	931	12366	232	0	0
1864	932	12363	232	0	0
1866	933	12372	232	0	0
1868	934	12371	232	0	0
1870	935	12372	232	0	0
1872	936	12378	233	0	0
1874	937	12383	232	0	0
1876	938	12384	232	0	0
1878	939	12387	232	0	0
1880	940	12394	232	0	0
1882	941	12380	232	0	0
1884	942	12368	232	0	0
1886	943	12391	232	0	0
1888	944	12400	232	0	0
1890	945	12405	232	0	0
1892	946	12404	232	0	0
1894	947	12408	232	0	0
1896	948	12406	232	0	0
1898	949	12416	232	0	0
1900	950	12415	232	0	0
1902	951	12416	232	0	0
1904	952	12422	232	0	0
1906	953	12427	232	0	0
1908	954	12425	232	0	0
1910	955	12437	232	0	0
1912	956	12431	232	0	0
1914	957	12431	232	0	0
1916	958	12434	232	0	0
1918	959	12446	232	0	0
1920	960	12452	232	0	0
1922	961	12469	238	0	0
1924	962	12457	232	0	0
1926	963	12464	232	0	0
1928	964	12463	232	0	0
1930	965	12459	232	0	0
1932	966	12459	232	0	0
1934	967	12459	232	0	0
1936	968	12454	232	0	0
1938	969	12453	232	0	0
1940	970	12459	232	0	0
1942	971	12456	232	0	0
1944	972	12466	232	0	0
1946	973	12467	232	0	0
1948	974	12474	232	0	0
1950	975	12476	232	0	0
1952	976	12482	232	0	0
1954	977	12479	232	0	0
1956	978	12480	232	0	0
1958	979	12486	232	0	0
1960	980	12484	232	0	0
1962	981	12495	232	0	0
1964	982	12496	232	0	0
1966	983	12498	232	0	0
1968	984	12507	232	0	0
1970	985	12507	232	0	0
1972	986	12496	232	0	0
1974	987	12506	232	0	0
1976	988	12512	232	0	0
1978	989	12510	232	0	0
1980	990	12513	232	0	0
1982	991	12517	232	0	0
1984	992	12521	232	0	0
1986	993	12526	232	0	0
1988	994	12528	232	0	0
1990	995	12533	232	0	0
1992	996	12539	232	0	0
1994	997	12540	232	0	0
1996	998	12537	232	0	0
1998	999	12537	232	0	0
2000	1000	12537	232	0	0
2002	1001	12547	232	0	0
2004	1002	12547	232	0	0
2006	1003	12551	232	0	0
2008	1004	12549	232	0	0
2010	1005	12550	232	0	0
2012	1006	12553	232	0	0
2014	1007	12566	232	0	0
2016	1008	12554	232	0	0
2018	1009	12557	232	0	0
2020	1010	12554	232	0	0
2022	1011	12563	232	0	0
2024	1012	12563	232	0	0
2026	1013	12567	232	0	0
2028	1014	12561	232	0	0
2030	1015	12570	232	0	0
2032	1016	12583	232	0	0
2034	1017	12571	232	0	0
2036	1018	12576	232	0	0
2038	1019	12578	232	0	0
2040	1020	12578	232	0	0
2042	1021	12579	232	0	0
2044	1022	12584	232	0	0
2046	1023	12587	232	0	0
2048	1024	12587	232	0	0
2050	1025	12588	232	0	0
2052	1026	12593	232	0	0
2054	1027	12601	232	0	0
2056	1028	12628	232	0	0
2058	1029	12618	232	0	0
2060	1030	12606	232	0	0
2062	1031	12615	232	0	0
2064	1032	12618	232	0	0
2066	1033	12615	232	0	0
2068	1034	12613	232	0	0
2070	1035	12609	232	0	0
2072	1036	12608	232	0	0
2074	1037	12610	232	0	0
2076	1038	12612	232	0	0
2078	1039	12616	232	0	0
2080	1040	12621	232	0	0
2082	1041	12619	232	0	0
2084	1042	12620	232	0	0
2086	1043	12627	232	0	0
2088	1044	12627	232	0	0
2090	1045	12642	232	0	0
2092	1046	12636	232	0	0
2094	1047	12642	232	0	0
2096	1048	12638	232	0	0
2098	1049	12640	232	0	0
2100	1050	12641	232	0	0
2102	1051	12648	232	0	0
2104	1052	12657	232	0	0
2106	1053	12646	232	0	0
2108	1054	12643	232	0	0
2110	1055	12655	232	0	0
2112	1056	12661	232	0	0
2114	1057	12664	232	0	0
2116	1058	12658	232	0	0
2118	1059	12665	232	0	0
2120	1060	12666	232	0	0
2122	1061	12664	232	0	0
2124	1062	12671	232	0	0
2126	1063	12684	232	0	0
2128	1064	12672	232	0	0
2130	1065	12682	232	0	0
2132	1066	12678	232	0	0
2134	1067	12677	232	0	0
2136	1068	12676	232	0	0
2138	1069	12685	232	0	0
2140	1070	12685	232	0	0
2142	1071	12682	232	0	0
2144	1072	12685	232	0	0
2146	1073	12694	232	0	0
2148	1074	12696	232	0	0
2150	1075	12698	232	0	0
2152	1076	12689	232	0	0
2154	1077	12694	232	0	0
2156	1078	12698	232	0	0
2158	1079	12697	232	0	0
2160	1080	12707	232	0	0
2162	1081	12707	232	0	0
2164	1082	12711	232	0	0
2166	1083	12708	232	0	0
2168	1084	12714	232	0	0
2170	1085	12714	232	0	0
2172	1086	12717	232	0	0
2174	1087	12721	232	0	0
2176	1088	12723	232	0	0
2178	1089	12718	232	0	0
2180	1090	12723	232	0	0
2182	1091	12724	232	0	0
2184	1092	12725	232	0	0
2186	1093	12733	232	0	0
2188	1094	12740	232	0	0
2190	1095	12744	232	0	0
2192	1096	12758	232	0	0
2194	1097	12746	232	0	0
2196	1098	12751	232	0	0
2198	1099	12753	232	0	0
2200	1100	12748	232	0	0
2202	1101	12744	232	0	0
2204	1102	12742	232	0	0
2206	1103	12742	232	0	0
2208	1104	12741	232	0	0
2210	1105	12751	232	0	0
2212	1106	12745	232	0	0
2214	1107	12751	232	0	0
2216	1108	12753	232	0	0
2218	1109	12759	232	0	0
2220	1110	12765	232	0	0
2222	1111	12768	232	0	0
2224	1112	12762	232	0	0
2226	1113	12762	232	0	0
2228	1114	12768	232	0	0
2230	1115	12770	232	0	0
2232	1116	12776	232	0	0
2234	1117	12774	232	0	0
2236	1118	12774	232	0	0
2238	1119	12783	232	0	0
2240	1120	12787	232	0	0
2242	1121	12774	232	0	0
2244	1122	12780	232	0	0
2246	1123	12785	232	0	0
2248	1124	12782	232	0	0
2250	1125	12793	232	0	0
2252	1126	12790	232	0	0
2254	1127	12790	232	0	0
2256	1128	12790	232	0	0
2258	1129	12798	232	0	0
2260	1130	12806	232	0	0
2262	1131	12806	232	0	0
2264	1132	12804	232	0	0
2266	1133	12803	232	0	0
2268	1134	12807	232	0	0
2270	1135	12811	232	0	0
2272	1136	12811	232	0	0
2274	1137	12807	232	0	0
2276	1138	12814	232	0	0
2278	1139	12813	232	0	0
2280	1140	12816	232	0	0
2282	1141	12817	232	0	0
2284	1142	12827	232	0	0
2286	1143	12821	232	0	0
2288	1144	12820	232	0	0
2290	1145	12822	232	0	0
2292	1146	12824	232	0	0
2294	1147	12830	232	0	0
2296	1148	12830	232	0	0
2298	1149	12822	232	0	0
2300	1150	12830	232	0	0
2302	1151	12848	232	0	0
2304	1152	12834	232	0	0
2306	1153	12836	232	0	0
2308	1154	12838	232	0	0
2310	1155	12845	232	0	0
2312	1156	12843	232	0	0
2314	1157	12841	232	0	0
2316	1158	12842	232	0	0
2318	1159	12854	232	0	0
2320	1160	12849	232	0	0
2322	1161	12847	232	0	0
2324	1162	12858	232	0	0
2326	1163	12887	232	0	0
2328	1164	12873	232	0	0
2330	1165	12861	232	0	0
2332	1166	12867	232	0	0
2334	1167	12869	232	0	0
2336	1168	12863	232	0	0
2338	1169	12862	232	0	0
2340	1170	12861	232	0	0
2342	1171	12863	232	0	0
2344	1172	12861	232	0	0
2346	1173	12864	232	0	0
2348	1174	12874	232	0	0
2350	1175	12874	232	0	0
2352	1176	12880	232	0	0
2354	1177	12875	232	0	0
2356	1178	12882	232	0	0
2358	1179	12877	232	0	0
2360	1180	12885	232	0	0
2362	1181	12890	232	0	0
2364	1182	12889	232	0	0
2366	1183	12883	232	0	0
2368	1184	12884	232	0	0
2370	1185	12891	232	0	0
2372	1186	12894	232	0	0
2374	1187	12902	232	0	0
2376	1188	12898	232	0	0
2378	1189	12890	232	0	0
2380	1190	12899	232	0	0
2382	1191	12899	232	0	0
2384	1192	12908	232	0	0
2386	1193	12894	232	0	0
2388	1194	12902	232	0	0
2390	1195	12911	232	0	0
2392	1196	12907	232	0	0
2394	1197	12909	232	0	0
2396	1198	12930	232	0	0
2398	1199	12915	232	0	0
2400	1200	12915	232	0	0
2402	1201	12915	232	0	0
2404	1202	12916	232	0	0
2406	1203	12919	232	0	0
2408	1204	12918	232	0	0
2410	1205	12921	232	0	0
2412	1206	12920	232	0	0
2414	1207	12923	232	0	0
2416	1208	12931	232	0	0
2418	1209	12927	232	0	0
2420	1210	12932	232	0	0
2422	1211	12932	232	0	0
2424	1212	12931	232	0	0
2426	1213	12933	232	0	0
2428	1214	12938	232	0	0
2430	1215	12937	232	0	0
2432	1216	12937	232	0	0
2434	1217	12947	232	0	0
2436	1218	12941	232	0	0
2438	1219	12946	232	0	0
2440	1220	12952	232	0	0
2442	1221	12946	232	0	0
2444	1222	12945	232	0	0
2446	1223	12951	232	0	0
2448	1224	12951	232	0	0
2450	1225	12952	232	0	0
2452	1226	12955	232	0	0
2454	1227	12953	232	0	0
2456	1228	12955	232	0	0
2458	1229	12968	232	0	0
2460	1230	12970	232	0	0
2462	1231	12983	232	0	0
2464	1232	12979	232	0	0
2466	1233	12964	232	0	0
2468	1234	12972	232	0	0
2470	1235	12978	232	0	0
2472	1236	12970	232	0	0
2474	1237	12967	232	0	0
2476	1238	12973	232	0	0
2478	1239	12968	232	0	0
2480	1240	12972	232	0	0
2482	1241	12973	232	0	0
2484	1242	12974	232	0	0
2486	1243	12973	232	0	0
2488	1244	12978	232	0	0
2490	1245	12978	232	0	0
2492	1246	12987	232	0	0
2494	1247	12986	232	0	0
2496	1248	12984	232	0	0
2498	1249	12995	232	0	0
2500	1250	12987	232	0	0
2502	1251	12993	232	0	0
2504	1252	12999	232	0	0
2506	1253	12994	232	0	0
2508	1254	13001	232	0	0
2510	1255	13005	232	0	0
2512	1256	12989	232	0	0
2514	1257	12997	232	0	0
2516	1258	13005	232	0	0
2518	1259	13011	232	0	0
2520	1260	13009	232	0	0
2522	1261	13004	232	0	0
2524	1262	13010	232	0	0
2526	1263	13012	232	0	0
2528	1264	13010	232	0	0
2530	1265	13017	232	0	0
2532	1266	13022	232	0	0
2534	1267	13018	232	0	0
2536	1268	13024	232	0	0
2538	1269	13016	232	0	0
2540	1270	13014	232	0	0
2542	1271	13025	232	0	0
2544	1272	13019	232	0	0
2546	1273	13026	232	0	0
2548	1274	13018	232	0	0
2550	1275	13026	232	0	0
2552	1276	13034	232	0	0
2554	1277	13036	232	0	0
2556	1278	13027	232	0	0
2558	1279	13032	232	0	0
2560	1280	13029	232	0	0
2562	1281	13041	232	0	0
2564	1282	13034	232	0	0
2566	1283	13037	232	0	0
2568	1284	13036	232	0	0
2570	1285	13038	232	0	0
2572	1286	13057	232	0	0
2574	1287	13040	232	0	0
2576	1288	13043	232	0	0
2578	1289	13049	232	0	0
2580	1290	13044	232	0	0
2582	1291	13046	232	0	0
2584	1292	13051	232	0	0
2586	1293	13048	232	0	0
2588	1294	13057	232	0	0
2590	1295	13050	232	0	0
2592	1296	13064	232	0	0
2594	1297	13062	232	0	0
2596	1298	13082	232	0	0
2598	1299	13077	232	0	0
2600	1300	13063	232	0	0
2602	1301	13077	232	0	0
2604	1302	13067	232	0	0
2606	1303	13066	232	0	0
2608	1304	13068	232	0	0
2610	1305	13062	232	0	0
2612	1306	13068	232	0	0
2614	1307	13064	232	0	0
2616	1308	13066	232	0	0
2618	1309	13071	232	0	0
2620	1310	13068	232	0	0
2622	1311	13081	232	0	0
2624	1312	13073	232	0	0
2626	1313	13083	232	0	0
2628	1314	13076	232	0	0
2630	1315	13083	232	0	0
2632	1316	13083	232	0	0
2634	1317	13083	232	0	0
2636	1318	13086	232	0	0
2638	1319	13081	232	0	0
2640	1320	13093	232	0	0
2642	1321	13090	232	0	0
2644	1322	13097	232	0	0
2646	1323	13091	232	0	0
2648	1324	13088	232	0	0
2650	1325	13099	232	0	0
2652	1326	13093	232	0	0
2654	1327	13106	232	0	0
2656	1328	13089	232	0	0
2658	1329	13098	232	0	0
2660	1330	13101	232	0	0
2662	1331	13100	232	0	0
2664	1332	13109	232	0	0
2666	1333	13114	233	0	0
2668	1334	13112	232	0	0
2670	1335	13106	232	0	0
2672	1336	13106	232	0	0
2674	1337	13105	232	0	0
2676	1338	13107	232	0	0
2678	1339	13112	232	0	0
2680	1340	13108	232	0	0
2682	1341	13116	232	0	0
2684	1342	13112	232	0	0
2686	1343	13123	232	0	0
2688	1344	13116	232	0	0
2690	1345	13121	232	0	0
2692	1346	13116	232	0	0
2694	1347	13115	232	0	0
2696	1348	13124	232	0	0
2698	1349	13121	232	0	0
2700	1350	13128	232	0	0
2702	1351	13124	232	0	0
2704	1352	13133	232	0	0
2706	1353	13125	232	0	0
2708	1354	13140	232	0	0
2710	1355	13131	232	0	0
2712	1356	13138	232	0	0
2714	1357	13135	232	0	0
2716	1358	13136	232	0	0
2718	1359	13142	232	0	0
2720	1360	13137	232	0	0
2722	1361	13143	232	0	0
2724	1362	13135	232	0	0
2726	1363	13145	232	0	0
2728	1364	13143	232	0	0
2730	1365	13157	232	0	0
2732	1366	13163	238	0	0
2734	1367	13154	232	0	0
2736	1368	13145	232	0	0
2738	1369	13154	232	0	0
2740	1370	13154	232	0	0
2742	1371	13150	232	0	0
2744	1372	13151	232	0	0
2746	1373	13148	232	0	0
2748	1374	13153	232	0	0
2750	1375	13152	232	0	0
2752	1376	13153	232	0	0
2754	1377	13154	232	0	0
2756	1378	13158	232	0	0
2758	1379	13160	232	0	0
2760	1380	13164	232	0	0
2762	1381	13164	232	0	0
2764	1382	13170	232	0	0
2766	1383	13162	232	0	0
2768	1384	13173	232	0	0
2770	1385	13166	232	0	0
2772	1386	13170	232	0	0
2774	1387	13170	232	0	0
2776	1388	13171	232	0	0
2778	1389	13178	232	0	0
2780	1390	13176	232	0	0
2782	1391	13168	232	0	0
2784	1392	13172	232	0	0
2786	1393	13179	232	0	0
2788	1394	13178	232	0	0
2790	1395	13179	232	0	0
2792	1396	13178	232	0	0
2794	1397	13184	232	0	0
2796	1398	13180	232	0	0
2798	1399	13188	232	0	0
2800	1400	13190	232	0	0
2802	1401	13195	232	0	0
2804	1402	13190	232	0	0
2806	1403	13193	232	0	0
2808	1404	13187	232	0	0
2810	1405	13197	232	0	0
2812	1406	13192	232	0	0
2814	1407	13195	232	0	0
2816	1408	13196	232	0	0
2818	1409	13197	232	0	0
2820	1410	13195	232	0	0
2822	1411	13203	232	0	0
2824	1412	13206	232	0	0
2826	1413	13202	232	0	0
2828	1414	13198	232	0	0
2830	1415	13206	232	0	0
2832	1416	13203	232	0	0
2834	1417	13207	232	0	0
2836	1418	13205	232	0	0
2838	1419	13205	232	0	0
2840	1420	13210	232	0	0
2842	1421	13221	232	0	0
2844	1422	13207	232	0	0
2846	1423	13211	232	0	0
2848	1424	13212	232	0	0
2850	1425	13216	232	0	0
2852	1426	13210	232	0	0
2854	1427	13220	232	0	0
2856	1428	13214	232	0	0
2858	1429	13222	232	0	0
2860	1430	13217	232	0	0
2862	1431	13224	232	0	0
2864	1432	13226	232	0	0
2866	1433	13247	232	0	0
2868	1434	13237	232	0	0
2870	1435	13229	232	0	0
2872	1436	13232	232	0	0
2874	1437	13231	232	0	0
2876	1438	13229	232	0	0
2878	1439	13228	232	0	0
2880	1440	13226	232	0	0
2882	1441	13225	232	0	0
2884	1442	13235	232	0	0
2886	1443	13227	232	0	0
2888	1444	13239	232	0	0
2890	1445	13230	232	0	0
2892	1446	13242	232	0	0
2894	1447	13235	232	0	0
2896	1448	13242	232	0	0
2898	1449	13237	232	0	0
2900	1450	13243	232	0	0
2902	1451	13241	232	0	0
2904	1452	13249	232	0	0
2906	1453	13241	232	0	0
2908	1454	13253	232	0	0
2910	1455	13244	232	0	0
2912	1456	13251	232	0	0
2914	1457	13255	232	0	0
2916	1458	13248	232	0	0
2918	1459	13244	232	0	0
2920	1460	13253	232	0	0
2922	1461	13252	232	0	0
2924	1462	13256	232	0	0
2926	1463	13256	232	0	0
2928	1464	13255	232	0	0
2930	1465	13266	232	0	0
2932	1466	13257	232	0	0
2934	1467	13266	232	0	0
2936	1468	13270	233	0	0
2938	1469	13265	232	0	0
2940	1470	13263	232	0	0
2942	1471	13265	232	0	0
2944	1472	13262	232	0	0
2946	1473	13267	232	0	0
2948	1474	13265	232	0	0
2950	1475	13264	232	0	0
2952	1476	13274	233	0	0
2954	1477	13269	232	0	0
2956	1478	13276	232	0	0
2958	1479	13271	232	0	0
2960	1480	13280	232	0	0
2962	1481	13270	232	0	0
2964	1482	13272	232	0	0
2966	1483	13271	232	0	0
2968	1484	13276	232	0	0
2970	1485	13286	232	0	0
2972	1486	13277	232	0	0
2974	1487	13287	232	0	0
2976	1488	13278	232	0	0
2978	1489	13291	232	0	0
2980	1490	13283	232	0	0
2982	1491	13287	232	0	0
2984	1492	13285	232	0	0
2986	1493	13289	232	0	0
2988	1494	13286	232	0	0
2990	1495	13288	232	0	0
2992	1496	13298	232	0	0
2994	1497	13286	232	0	0
2996	1498	13297	232	0	0
2998	1499	13294	232	0	0
3000	1500	13304	232	0	0
3002	1501	13311	232	0	0
3004	1502	13305	232	0	0
3006	1503	13295	232	0	0
3008	1504	13303	232	0	0
3010	1505	13310	232	0	0
3012	1506	13298	232	0	0
3014	1507	13304	232	0	0
3016	1508	13297	232	0	0
3018	1509	13301	232	0	0
3020	1510	13300	232	0	0
3022	1511	13299	232	0	0
3024	1512	13302	232	0	0
3026	1513	13300	232	0	0
3028	1514	13315	232	0	0
3030	1515	13304	232	0	0
3032	1516	13317	232	0	0
3034	1517	13309	232	0	0
3036	1518	13311	232	0	0
3038	1519	13312	232	0	0
3040	1520	13313	232	0	0
3042	1521	13320	232	0	0
3044	1522	13315	232	0	0
3046	1523	13322	232	0	0
3048	1524	13318	232	0	0
3050	1525	13323	232	0	0
3052	1526	13312	232	0	0
3054	1527	13317	232	0	0
3056	1528	13330	232	0	0
3058	1529	13321	232	0	0
3060	1530	13327	232	0	0
3062	1531	13321	232	0	0
3064	1532	13325	232	0	0
3066	1533	13325	232	0	0
3068	1534	13327	232	0	0
3070	1535	13341	232	0	0
3072	1536	13333	232	0	0
3074	1537	13338	232	0	0
3076	1538	13331	232	0	0
3078	1539	13332	232	0	0
3080	1540	13329	232	0	0
3082	1541	13333	232	0	0
3084	1542	13340	232	0	0
3086	1543	13337	232	0	0
3088	1544	13334	232	0	0
3090	1545	13338	232	0	0
3092	1546	13340	232	0	0
3094	1547	13346	232	0	0
3096	1548	13337	232	0	0
3098	1549	13345	232	0	0
3100	1550	13341	232	0	0
3102	1551	13345	232	0	0
3104	1552	13343	232	0	0
3106	1553	13344	232	0	0
3108	1554	13348	232	0	0
3110	1555	13345	232	0	0
3112	1556	13358	232	0	0
3114	1557	13346	232	0	0
3116	1558	13350	232	0	0
3118	1559	13360	232	0	0
3120	1560	13350	232	0	0
3122	1561	13356	232	0	0
3124	1562	13352	232	0	0
3126	1563	13354	232	0	0
3128	1564	13355	232	0	0
3130	1565	13353	232	0	0
3132	1566	13361	232	0	0
3134	1567	13362	232	0	0
3136	1568	13382	232	0	0
3138	1569	13372	232	0	0
3140	1570	13363	232	0	0
3142	1571	13375	232	0	0
3144	1572	13366	232	0	0
3146	1573	13367	232	0	0
3148	1574	13364	232	0	0
3150	1575	13361	232	0	0
3152	1576	13368	232	0	0
3154	1577	13361	232	0	0
3156	1578	13366	232	0	0
3158	1579	13366	232	0	0
3160	1580	13368	232	0	0
3162	1581	13382	232	0	0
3164	1582	13370	232	0	0
3166	1583	13371	232	0	0
3168	1584	13371	232	0	0
3170	1585	13370	232	0	0
3172	1586	13382	232	0	0
3174	1587	13377	232	0	0
3176	1588	13378	232	0	0
3178	1589	13375	232	0	0
3180	1590	13376	232	0	0
3182	1591	13389	232	0	0
3184	1592	13387	232	0	0
3186	1593	13382	232	0	0
3188	1594	13377	232	0	0
3190	1595	13384	232	0	0
3192	1596	13390	232	0	0
3194	1597	13387	232	0	0
3196	1598	13381	232	0	0
3198	1599	13397	232	0	0
3200	1600	13387	232	0	0
3202	1601	13394	232	0	0
3204	1602	13392	232	0	0
3206	1603	13400	233	0	0
3208	1604	13401	232	0	0
3210	1605	13393	232	0	0
3212	1606	13396	232	0	0
3214	1607	13392	232	0	0
3216	1608	13394	232	0	0
3218	1609	13402	232	0	0
3220	1610	13393	232	0	0
3222	1611	13398	232	0	0
3224	1612	13399	232	0	0
3226	1613	13400	232	0	0
3228	1614	13408	232	0	0
3230	1615	13403	232	0	0
3232	1616	13399	232	0	0
3234	1617	13407	232	0	0
3236	1618	13402	232	0	0
3238	1619	13407	232	0	0
3240	1620	13405	232	0	0
3242	1621	13405	232	0	0
3244	1622	13414	232	0	0
3246	1623	13406	232	0	0
3248	1624	13413	232	0	0
3250	1625	13420	232	0	0
3252	1626	13415	232	0	0
3254	1627	13414	232	0	0
3256	1628	13413	232	0	0
3258	1629	13411	232	0	0
3260	1630	13420	232	0	0
3262	1631	13415	232	0	0
3264	1632	13414	232	0	0
3266	1633	13416	232	0	0
3268	1634	13417	232	0	0
3270	1635	13429	232	0	0
3272	1636	13435	232	0	0
3274	1637	13426	232	0	0
3276	1638	13427	232	0	0
3278	1639	13426	232	0	0
3280	1640	13427	232	0	0
3282	1641	13433	232	0	0
3284	1642	13421	232	0	0
3286	1643	13426	232	0	0
3288	1644	13421	232	0	0
3290	1645	13423	232	0	0
3292	1646	13428	232	0	0
3294	1647	13425	232	0	0
3296	1648	13426	232	0	0
3298	1649	13439	232	0	0
3300	1650	13428	232	0	0
3302	1651	13437	232	0	0
3304	1652	13431	232	0	0
3306	1653	13431	232	0	0
3308	1654	13439	232	0	0
3310	1655	13432	232	0	0
3312	1656	13436	232	0	0
3314	1657	13444	232	0	0
3316	1658	13437	232	0	0
3318	1659	13440	232	0	0
3320	1660	13451	232	0	0
3322	1661	13436	232	0	0
3324	1662	13442	232	0	0
3326	1663	13443	232	0	0
3328	1664	13442	232	0	0
3330	1665	13446	232	0	0
3332	1666	13443	232	0	0
3334	1667	13442	232	0	0
3336	1668	13452	232	0	0
3338	1669	13447	232	0	0
3340	1670	13452	232	0	0
3342	1671	13462	232	0	0
3344	1672	13452	232	0	0
3346	1673	13453	232	0	0
3348	1674	13459	232	0	0
3350	1675	13448	232	0	0
3352	1676	13457	232	0	0
3354	1677	13454	232	0	0
3356	1678	13456	232	0	0
3358	1679	13458	232	0	0
3360	1680	13456	232	0	0
3362	1681	13457	232	0	0
3364	1682	13470	232	0	0
3366	1683	13456	232	0	0
3368	1684	13457	232	0	0
3370	1685	13465	232	0	0
3372	1686	13460	232	0	0
3374	1687	13461	232	0	0
3376	1688	13471	232	0	0
3378	1689	13457	232	0	0
3380	1690	13465	232	0	0
3382	1691	13481	232	0	0
3384	1692	13463	232	0	0
3386	1693	13466	232	0	0
3388	1694	13467	232	0	0
3390	1695	13466	232	0	0
3392	1696	13472	232	0	0
3394	1697	13468	232	0	0
3396	1698	13468	232	0	0
3398	1699	13476	232	0	0
3400	1700	13471	232	0	0
3402	1701	13472	232	0	0
3404	1702	13483	232	0	0
3406	1703	13493	232	0	0
3408	1704	13485	232	0	0
3410	1705	13485	232	0	0
3412	1706	13482	232	0	0
3414	1707	13480	232	0	0
3416	1708	13486	232	0	0
3418	1709	13477	232	0	0
3420	1710	13476	232	0	0
3422	1711	13484	232	0	0
3424	1712	13476	232	0	0
3426	1713	13478	232	0	0
3428	1714	13489	232	0	0
3430	1715	13482	232	0	0
3432	1716	13489	232	0	0
3434	1717	13492	232	0	0
3436	1718	13483	232	0	0
3438	1719	13486	232	0	0
3440	1720	13499	232	0	0
3442	1721	13487	232	0	0
3444	1722	13491	232	0	0
3446	1723	13497	232	0	0
3448	1724	13487	232	0	0
3450	1725	13491	232	0	0
3452	1726	13504	232	0	0
3454	1727	13498	232	0	0
3456	1728	13493	232	0	0
3458	1729	13498	232	0	0
3460	1730	13495	232	0	0
3462	1731	13497	232	0	0
3464	1732	13508	232	0	0
3466	1733	13497	232	0	0
3468	1734	13498	232	0	0
3470	1735	13511	232	0	0
3472	1736	13498	232	0	0
3474	1737	13504	232	0	0
3476	1738	13519	232	0	0
3478	1739	13502	232	0	0
3480	1740	13505	232	0	0
3482	1741	13512	232	0	0
3484	1742	13500	232	0	0
3486	1743	13507	232	0	0
3488	1744	13513	232	0	0
3490	1745	13503	232	0	0
3492	1746	13506	232	0	0
3494	1747	13517	232	0	0
3496	1748	13508	232	0	0
3498	1749	13512	232	0	0
3500	1750	13521	232	0	0
3502	1751	13507	232	0	0
3504	1752	13507	232	0	0
3506	1753	13519	232	0	0
3508	1754	13510	232	0	0
3510	1755	13512	232	0	0
3512	1756	13521	232	0	0
3514	1757	13515	232	0	0
3516	1758	13513	232	0	0
3518	1759	13525	232	0	0
3520	1760	13517	232	0	0
3522	1761	13521	232	0	0
3524	1762	13525	232	0	0
3526	1763	13520	232	0	0
3528	1764	13518	232	0	0
3530	1765	13526	232	0	0
3532	1766	13522	232	0	0
3534	1767	13519	232	0	0
3536	1768	13526	232	0	0
3538	1769	13524	232	0	0
3540	1770	13529	232	0	0
3542	1771	13543	238	0	0
3544	1772	13543	232	0	0
3546	1773	13525	232	0	0
3548	1774	13534	232	0	0
3550	1775	13541	232	0	0
3552	1776	13528	232	0	0
3554	1777	13528	232	0	0
3556	1778	13535	232	0	0
3558	1779	13527	232	0	0
3560	1780	13529	232	0	0
3562	1781	13534	232	0	0
3564	1782	13530	232	0	0
3566	1783	13529	232	0	0
3568	1784	13540	232	0	0
3570	1785	13535	232	0	0
3572	1786	13537	232	0	0
3574	1787	13540	232	0	0
3576	1788	13536	232	0	0
3578	1789	13537	232	0	0
3580	1790	13539	234	0	0
3582	1791	13551	232	0	0
3584	1792	13540	232	0	0
3586	1793	13542	232	0	0
3588	1794	13551	232	0	0
3590	1795	13544	232	0	0
3592	1796	13537	232	0	0
3594	1797	13549	232	0	0
3596	1798	13545	232	0	0
3598	1799	13546	232	0	0
3600	1800	13549	232	0	0
3602	1801	13545	232	0	0
3604	1802	13548	232	0	0
3606	1803	13550	232	0	0
3608	1804	13559	232	0	0
3610	1805	13553	232	0	0
3612	1806	13556	232	0	0
3614	1807	13562	232	0	0
3616	1808	13552	232	0	0
3618	1809	13550	232	0	0
3620	1810	13561	232	0	0
3622	1811	13551	232	0	0
3624	1812	13552	232	0	0
3626	1813	13562	232	0	0
3628	1814	13550	232	0	0
3630	1815	13555	232	0	0
3632	1816	13561	232	0	0
3634	1817	13573	232	0	0
3636	1818	13556	232	0	0
3638	1819	13558	232	0	0
3640	1820	13568	232	0	0
3642	1821	13560	232	0	0
3644	1822	13559	232	0	0
3646	1823	13570	232	0	0
3648	1824	13558	232	0	0
3650	1825	13562	232	0	0
3652	1826	13572	232	0	0
3654	1827	13573	232	0	0
3656	1828	13565	232	0	0
3658	1829	13566	232	0	0
3660	1830	13574	232	0	0
3662	1831	13566	232	0	0
3664	1832	13566	232	0	0
3666	1833	13572	232	0	0
3668	1834	13569	232	0	0
3670	1835	13569	232	0	0
3672	1836	13575	232	0	0
3674	1837	13585	232	0	0
3676	1838	13589	232	0	0
3678	1839	13583	232	0	0
3680	1840	13583	232	0	0
3682	1841	13579	232	0	0
3684	1842	13577	232	0	0
3686	1843	13580	232	0	0
3688	1844	13587	232	0	0
3690	1845	13574	232	0	0
3692	1846	13575	232	0	0
3694	1847	13582	232	0	0
3696	1848	13575	232	0	0
3698	1849	13576	232	0	0
3700	1850	13580	232	0	0
3702	1851	13580	232	0	0
3704	1852	13580	232	0	0
3706	1853	13583	232	0	0
3708	1854	13590	232	0	0
3710	1855	13585	232	0	0
3712	1856	13583	232	0	0
3714	1857	13592	232	0	0
3716	1858	13584	232	0	0
3718	1859	13583	232	0	0
3720	1860	13588	232	0	0
3722	1861	13600	232	0	0
3724	1862	13593	232	0	0
3726	1863	13586	232	0	0
3728	1864	13591	232	0	0
3730	1865	13591	232	0	0
3732	1866	13590	232	0	0
3734	1867	13597	232	0	0
3736	1868	13603	232	0	0
3738	1869	13591	232	0	0
3740	1870	13593	232	0	0
3742	1871	13601	232	0	0
3744	1872	13595	232	0	0
3746	1873	13602	232	0	0
3748	1874	13600	232	0	0
3750	1875	13608	232	0	0
3752	1876	13596	232	0	0
3754	1877	13596	232	0	0
3756	1878	13606	232	0	0
3758	1879	13598	232	0	0
3760	1880	13596	232	0	0
3762	1881	13601	232	0	0
3764	1882	13611	232	0	0
3766	1883	13601	232	0	0
3768	1884	13601	232	0	0
3770	1885	13611	232	0	0
3772	1886	13600	232	0	0
3774	1887	13599	232	0	0
3776	1888	13603	232	0	0
3778	1889	13612	232	0	0
3780	1890	13605	232	0	0
3782	1891	13605	232	0	0
3784	1892	13612	232	0	0
3786	1893	13606	232	0	0
3788	1894	13610	232	0	0
3790	1895	13610	232	0	0
3792	1896	13622	232	0	0
3794	1897	13610	232	0	0
3796	1898	13612	232	0	0
3798	1899	13614	232	0	0
3800	1900	13624	232	0	0
3802	1901	13613	232	0	0
3804	1902	13614	232	0	0
3806	1903	13620	232	0	0
3808	1904	13617	232	0	0
3810	1905	13620	232	0	0
3812	1906	13632	232	0	0
3814	1907	13632	232	0	0
3816	1908	13616	232	0	0
3818	1909	13622	232	0	0
3820	1910	13626	232	0	0
3822	1911	13631	232	0	0
3824	1912	13618	232	0	0
3826	1913	13617	232	0	0
3828	1914	13625	232	0	0
3830	1915	13620	232	0	0
3832	1916	13616	232	0	0
3834	1917	13622	232	0	0
3836	1918	13629	232	0	0
3838	1919	13624	232	0	0
3840	1920	13624	232	0	0
3842	1921	13632	232	0	0
3844	1922	13638	232	0	0
3846	1923	13625	232	0	0
3848	1924	13627	232	0	0
3850	1925	13632	232	0	0
3852	1926	13630	232	0	0
3854	1927	13629	232	0	0
3856	1928	13632	232	0	0
3858	1929	13640	232	0	0
3860	1930	13633	232	0	0
3862	1931	13626	232	0	0
3864	1932	13633	232	0	0
3866	1933	13644	232	0	0
3868	1934	13639	232	0	0
3870	1935	13632	232	0	0
3872	1936	13638	232	0	0
3874	1937	13636	232	0	0
3876	1938	13635	232	0	0
3878	1939	13637	232	0	0
3880	1940	13648	232	0	0
3882	1941	13642	232	0	0
3884	1942	13640	232	0	0
3886	1943	13641	232	0	0
3888	1944	13647	232	0	0
3890	1945	13642	232	0	0
3892	1946	13638	232	0	0
3894	1947	13645	232	0	0
3896	1948	13654	232	0	0
3898	1949	13638	232	0	0
3900	1950	13642	232	0	0
3902	1951	13649	232	0	0
3904	1952	13661	232	0	0
3906	1953	13643	232	0	0
3908	1954	13643	232	0	0
3910	1955	13652	232	0	0
3912	1956	13647	232	0	0
3914	1957	13646	232	0	0
3916	1958	13651	232	0	0
3918	1959	13651	232	0	0
3920	1960	13651	232	0	0
3922	1961	13654	232	0	0
3924	1962	13650	232	0	0
3926	1963	13659	232	0	0
3928	1964	13651	232	0	0
3930	1965	13651	232	0	0
3932	1966	13653	232	0	0
3934	1967	13661	232	0	0
3936	1968	13652	232	0	0
3938	1969	13653	232	0	0
3940	1970	13657	232	0	0
3942	1971	13666	232	0	0
3944	1972	13659	232	0	0
3946	1973	13672	232	0	0
3948	1974	13671	232	0	0
3950	1975	13671	232	0	0
3952	1976	13663	232	0	0
3954	1977	13661	232	0	0
3956	1978	13665	232	0	0
3958	1979	13671	232	0	0
3960	1980	13658	232	0	0
3962	1981	13657	232	0	0
3964	1982	13663	232	0	0
3966	1983	13673	232	0	0
3968	1984	13661	232	0	0
3970	1985	13658	232	0	0
3972	1986	13668	232	0	0
3974	1987	13676	232	0	0
3976	1988	13662	232	0	0
3978	1989	13663	232	0	0
3980	1990	13674	232	0	0
3982	1991	13680	232	0	0
3984	1992	13668	232	0	0
3986	1993	13666	232	0	0
3988	1994	13678	232	0	0
3990	1995	13682	232	0	0
3992	1996	13671	232	0	0
3994	1997	13675	232	0	0
3996	1998	13675	232	0	0
3998	1999	13680	232	0	0
4000	2000	13673	232	0	0
4002	2001	13672	232	0	0
4004	2002	13681	232	0	0
4006	2003	13684	232	0	0
4008	2004	13674	232	0	0
4010	2005	13674	232	0	0
4012	2006	13681	232	0	0
4014	2007	13691	232	0	0
4016	2008	13684	232	0	0
4018	2009	13677	232	0	0
4020	2010	13685	232	0	0
4022	2011	13690	232	0	0
4024	2012	13678	232	0	0
4026	2013	13679	232	0	0
4028	2014	13684	232	0	0
4030	2015	13690	232	0	0
4032	2016	13679	232	0	0
4034	2017	13681	232	0	0
4036	2018	13687	232	0	0
4038	2019	13694	232	0	0
4040	2020	13685	232	0	0
4042	2021	13680	232	0	0
4044	2022	13685	232	0	0
4046	2023	13693	232	0	0
4048	2024	13683	232	0	0
4050	2025	13685	232	0	0
4052	2026	13689	232	0	0
4054	2027	13697	232	0	0
4056	2028	13686	232	0	0
4058	2029	13690	232	0	0
4060	2030	13692	232	0	0
4062	2031	13702	232	0	0
4064	2032	13690	232	0	0
4066	2033	13691	232	0	0
4068	2034	13692	232	0	0
4070	2035	13701	232	0	0
4072	2036	13692	232	0	0
4074	2037	13690	232	0	0
4076	2038	13694	232	0	0
4078	2039	13703	232	0	0
4080	2040	13700	232	0	0
4082	2041	13708	233	0	0
4084	2042	13701	232	0	0
4086	2043	13702	232	0	0
4088	2044	13701	232	0	0
4090	2045	13699	232	0	0
4092	2046	13697	232	0	0
4094	2047	13702	232	0	0
4096	2048	13708	232	0	0
4098	2049	13696	232	0	0
4100	2050	13697	232	0	0
4102	2051	13699	232	0	0
4104	2052	13709	232	0	0
4106	2053	13698	232	0	0
4108	2054	13701	232	0	0
4110	2055	13705	232	0	0
4112	2056	13714	232	0	0
4114	2057	13703	232	0	0
4116	2058	13702	232	0	0
4118	2059	13705	232	0	0
4120	2060	13711	232	0	0
4122	2061	13707	232	0	0
4124	2062	13706	232	0	0
4126	2063	13706	232	0	0
4128	2064	13716	232	0	0
4130	2065	13722	232	0	0
4132	2066	13703	232	0	0
4134	2067	13706	232	0	0
4136	2068	13714	232	0	0
4138	2069	13722	232	0	0
4140	2070	13709	232	0	0
4142	2071	13709	232	0	0
4144	2072	13712	232	0	0
4146	2073	13720	232	0	0
4148	2074	13712	232	0	0
4150	2075	13716	232	0	0
4152	2076	13718	232	0	0
4154	2077	13723	232	0	0
4156	2078	13729	232	0	0
4158	2079	13714	232	0	0
4160	2080	13717	232	0	0
4162	2081	13722	232	0	0
4164	2082	13727	232	0	0
4166	2083	13719	232	0	0
4168	2084	13712	232	0	0
4170	2085	13721	232	0	0
4172	2086	13729	232	0	0
4174	2087	13725	232	0	0
4176	2088	13718	232	0	0
4178	2089	13719	232	0	0
4180	2090	13726	232	0	0
4182	2091	13735	232	0	0
4184	2092	13721	232	0	0
4186	2093	13722	232	0	0
4188	2094	13723	232	0	0
4190	2095	13734	232	0	0
4192	2096	13729	232	0	0
4194	2097	13723	232	0	0
4196	2098	13727	232	0	0
4198	2099	13734	232	0	0
4200	2100	13726	232	0	0
4202	2101	13724	232	0	0
4204	2102	13726	232	0	0
4206	2103	13734	232	0	0
4208	2104	13741	232	0	0
4210	2105	13728	232	0	0
4212	2106	13730	232	0	0
4214	2107	13736	232	0	0
4216	2108	13755	232	0	0
4218	2109	13740	232	0	0
4220	2110	13734	232	0	0
4222	2111	13736	232	0	0
4224	2112	13741	232	0	0
4226	2113	13746	232	0	0
4228	2114	13733	232	0	0
4230	2115	13731	232	0	0
4232	2116	13734	232	0	0
4234	2117	13741	232	0	0
4236	2118	13734	232	0	0
4238	2119	13734	232	0	0
4240	2120	13732	232	0	0
4242	2121	13747	232	0	0
4244	2122	13749	232	0	0
4246	2123	13736	232	0	0
4248	2124	13736	232	0	0
4250	2125	13744	232	0	0
4252	2126	13749	232	0	0
4254	2127	13741	233	0	0
4256	2128	13738	232	0	0
4258	2129	13744	232	0	0
4260	2130	13747	232	0	0
4262	2131	13756	232	0	0
4264	2132	13747	232	0	0
4266	2133	13741	232	0	0
4268	2134	13742	232	0	0
4270	2135	13754	232	0	0
4272	2136	13745	232	0	0
4274	2137	13747	232	0	0
4276	2138	13741	232	0	0
4278	2139	13753	232	0	0
4280	2140	13758	232	0	0
4282	2141	13747	232	0	0
4284	2142	13747	232	0	0
4286	2143	13757	232	0	0
4288	2144	13757	232	0	0
4290	2145	13750	232	0	0
4292	2146	13749	232	0	0
4294	2147	13748	232	0	0
4296	2148	13755	232	0	0
4298	2149	13761	232	0	0
4300	2150	13753	232	0	0
4302	2151	13750	232	0	0
4304	2152	13751	232	0	0
4306	2153	13760	232	0	0
4308	2154	13766	232	0	0
4310	2155	13756	232	0	0
4312	2156	13749	232	0	0
4314	2157	13754	232	0	0
4316	2158	13761	232	0	0
4318	2159	13754	232	0	0
4320	2160	13756	232	0	0
4322	2161	13756	232	0	0
4324	2162	13762	232	0	0
4326	2163	13767	232	0	0
4328	2164	13760	232	0	0
4330	2165	13758	232	0	0
4332	2166	13763	232	0	0
4334	2167	13765	232	0	0
4336	2168	13774	232	0	0
4338	2169	13760	232	0	0
4340	2170	13761	232	0	0
4342	2171	13764	232	0	0
4344	2172	13768	232	0	0
4346	2173	13763	232	0	0
4348	2174	13763	232	0	0
4350	2175	13768	232	0	0
4352	2176	13780	232	0	0
4354	2177	13780	232	0	0
4356	2178	13765	232	0	0
4358	2179	13769	232	0	0
4360	2180	13768	232	0	0
4362	2181	13772	232	0	0
4364	2182	13777	232	0	0
4366	2183	13765	232	0	0
4368	2184	13765	232	0	0
4370	2185	13767	232	0	0
4372	2186	13771	232	0	0
4374	2187	13781	232	0	0
4376	2188	13767	232	0	0
4378	2189	13770	232	0	0
4380	2190	13773	232	0	0
4382	2191	13781	232	0	0
4384	2192	13772	232	0	0
4386	2193	13771	232	0	0
4388	2194	13772	232	0	0
4390	2195	13776	232	0	0
4392	2196	13784	232	0	0
4394	2197	13775	232	0	0
4396	2198	13774	232	0	0
4398	2199	13775	232	0	0
4400	2200	13781	232	0	0
4402	2201	13782	232	0	0
4404	2202	13775	232	0	0
4406	2203	13777	232	0	0
4408	2204	13782	232	0	0
4410	2205	13782	232	0	0
4412	2206	13788	232	0	0
4414	2207	13777	232	0	0
4416	2208	13778	232	0	0
4418	2209	13780	232	0	0
4420	2210	13789	232	0	0
4422	2211	13796	232	0	0
4424	2212	13783	232	0	0
4426	2213	13782	232	0	0
4428	2214	13781	232	0	0
4430	2215	13790	232	0	0
4432	2216	13794	232	0	0
4434	2217	13783	232	0	0
4436	2218	13785	232	0	0
4438	2219	13781	232	0	0
4440	2220	13792	232	0	0
4442	2221	13800	232	0	0
4444	2222	13790	232	0	0
4446	2223	13784	232	0	0
4448	2224	13786	232	0	0
4450	2225	13794	232	0	0
4452	2226	13801	232	0	0
4454	2227	13789	232	0	0
4456	2228	13788	232	0	0
4458	2229	13787	232	0	0
4460	2230	13799	232	0	0
4462	2231	13808	232	0	0
4464	2232	13789	232	0	0
4466	2233	13790	232	0	0
4468	2234	13793	232	0	0
4470	2235	13799	232	0	0
4472	2236	13805	232	0	0
4474	2237	13792	232	0	0
4476	2238	13791	232	0	0
4478	2239	13795	232	0	0
4480	2240	13800	232	0	0
4482	2241	13809	232	0	0
4484	2242	13799	232	0	0
4486	2243	13809	232	0	0
4488	2244	13806	232	0	0
4490	2245	13806	232	0	0
4492	2246	13815	232	0	0
4494	2247	13801	232	0	0
4496	2248	13799	232	0	0
4498	2249	13799	232	0	0
4500	2250	13803	232	0	0
4502	2251	13809	232	0	0
4504	2252	13797	232	0	0
4506	2253	13798	232	0	0
4508	2254	13799	232	0	0
4510	2255	13807	232	0	0
4512	2256	13815	232	0	0
4514	2257	13799	232	0	0
4516	2258	13801	232	0	0
4518	2259	13802	232	0	0
4520	2260	13808	232	0	0
4522	2261	13814	232	0	0
4524	2262	13805	232	0	0
4526	2263	13803	232	0	0
4528	2264	13803	232	0	0
4530	2265	13810	232	0	0
4532	2266	13818	232	0	0
4534	2267	13811	232	0	0
4536	2268	13805	232	0	0
4538	2269	13805	232	0	0
4540	2270	13813	232	0	0
4542	2271	13818	232	0	0
4544	2272	13810	232	0	0
4546	2273	13809	232	0	0
4548	2274	13810	232	0	0
4550	2275	13815	232	0	0
4552	2276	13819	232	0	0
4554	2277	13812	232	0	0
4556	2278	13817	232	0	0
4558	2279	13811	232	0	0
4560	2280	13816	232	0	0
4562	2281	13820	232	0	0
4564	2282	13826	232	0	0
4566	2283	13812	232	0	0
4568	2284	13812	232	0	0
4570	2285	13814	232	0	0
4572	2286	13820	232	0	0
4574	2287	13827	232	0	0
4576	2288	13817	232	0	0
4578	2289	13817	232	0	0
4580	2290	13817	232	0	0
4582	2291	13821	232	0	0
4584	2292	13828	232	0	0
4586	2293	13817	232	0	0
4588	2294	13818	232	0	0
4590	2295	13819	232	0	0
4592	2296	13822	232	0	0
4594	2297	13827	232	0	0
4596	2298	13820	232	0	0
4598	2299	13822	232	0	0
4600	2300	13821	232	0	0
4602	2301	13824	232	0	0
4604	2302	13829	232	0	0
4606	2303	13837	232	0	0
4608	2304	13821	232	0	0
4610	2305	13824	232	0	0
4612	2306	13824	232	0	0
4614	2307	13829	232	0	0
4616	2308	13836	232	0	0
4618	2309	13828	232	0	0
4620	2310	13830	232	0	0
4622	2311	13836	232	0	0
4624	2312	13835	232	0	0
4626	2313	13843	232	0	0
4628	2314	13831	232	0	0
4630	2315	13829	232	0	0
4632	2316	13828	232	0	0
4634	2317	13829	232	0	0
4636	2318	13834	232	0	0
4638	2319	13839	232	0	0
4640	2320	13827	232	0	0
4642	2321	13828	232	0	0
4644	2322	13829	232	0	0
4646	2323	13835	232	0	0
4648	2324	13843	232	0	0
4650	2325	13832	232	0	0
4652	2326	13833	232	0	0
4654	2327	13831	232	0	0
4656	2328	13835	232	0	0
4658	2329	13842	232	0	0
4660	2330	13847	232	0	0
4662	2331	13835	232	0	0
4664	2332	13834	232	0	0
4666	2333	13836	232	0	0
4668	2334	13844	232	0	0
4670	2335	13850	232	0	0
4672	2336	13832	232	0	0
4674	2337	13835	232	0	0
4676	2338	13837	232	0	0
4678	2339	13840	232	0	0
4680	2340	13848	232	0	0
4682	2341	13839	232	0	0
4684	2342	13838	232	0	0
4686	2343	13839	232	0	0
4688	2344	13842	232	0	0
4690	2345	13849	232	0	0
4692	2346	13856	233	0	0
4694	2347	13843	232	0	0
4696	2348	13841	232	0	0
4698	2349	13840	232	0	0
4700	2350	13844	232	0	0
4702	2351	13850	232	0	0
4704	2352	13843	232	0	0
4706	2353	13844	232	0	0
4708	2354	13843	232	0	0
4710	2355	13844	232	0	0
4712	2356	13851	232	0	0
4714	2357	13862	232	0	0
4716	2358	13844	232	0	0
4718	2359	13844	232	0	0
4720	2360	13845	232	0	0
4722	2361	13849	232	0	0
4724	2362	13856	232	0	0
4726	2363	13864	232	0	0
4728	2364	13844	232	0	0
4730	2365	13847	232	0	0
4732	2366	13849	232	0	0
4734	2367	13853	232	0	0
4736	2368	13859	232	0	0
4738	2369	13850	232	0	0
4740	2370	13849	232	0	0
4742	2371	13848	232	0	0
4744	2372	13854	232	0	0
4746	2373	13858	232	0	0
4748	2374	13865	232	0	0
4750	2375	13851	232	0	0
4752	2376	13852	232	0	0
4754	2377	13855	232	0	0
4756	2378	13871	232	0	0
4758	2379	13872	232	0	0
4760	2380	13857	232	0	0
4762	2381	13859	232	0	0
4764	2382	13857	232	0	0
4766	2383	13857	232	0	0
4768	2384	13862	232	0	0
4770	2385	13866	232	0	0
4772	2386	13853	232	0	0
4774	2387	13854	232	0	0
4776	2388	13860	232	0	0
4778	2389	13860	232	0	0
4780	2390	13865	232	0	0
4782	2391	13873	232	0	0
4784	2392	13856	232	0	0
4786	2393	13858	232	0	0
4788	2394	13858	232	0	0
4790	2395	13863	232	0	0
4792	2396	13868	232	0	0
4794	2397	13877	232	0	0
4796	2398	13860	232	0	0
4798	2399	13860	232	0	0
4800	2400	13860	232	0	0
4802	2401	13868	232	0	0
4804	2402	13878	232	0	0
4806	2403	13862	232	0	0
4808	2404	13860	232	0	0
4810	2405	13864	232	0	0
4812	2406	13865	232	0	0
4814	2407	13873	232	0	0
4816	2408	13876	232	0	0
4818	2409	13867	232	0	0
4820	2410	13866	232	0	0
4822	2411	13865	232	0	0
4824	2412	13870	232	0	0
4826	2413	13881	233	0	0
4828	2414	13881	232	0	0
4830	2415	13869	232	0	0
4832	2416	13868	232	0	0
4834	2417	13867	232	0	0
4836	2418	13870	232	0	0
4838	2419	13877	232	0	0
4840	2420	13884	232	0	0
4842	2421	13869	232	0	0
4844	2422	13869	232	0	0
4846	2423	13871	232	0	0
4848	2424	13876	232	0	0
4850	2425	13882	232	0	0
4852	2426	13883	232	0	0
4854	2427	13868	232	0	0
4856	2428	13871	232	0	0
4858	2429	13873	232	0	0
4860	2430	13879	232	0	0
4862	2431	13884	232	0	0
4864	2432	13887	232	0	0
4866	2433	13874	232	0	0
4868	2434	13876	232	0	0
4870	2435	13875	232	0	0
4872	2436	13881	232	0	0
4874	2437	13886	232	0	0
4876	2438	13893	232	0	0
4878	2439	13878	232	0	0
4880	2440	13878	232	0	0
4882	2441	13877	232	0	0
4884	2442	13882	232	0	0
4886	2443	13889	232	0	0
4888	2444	13880	232	0	0
4890	2445	13884	232	0	0
4892	2446	13890	234	0	0
4894	2447	13884	232	0	0
4896	2448	13891	232	0	0
4898	2449	13896	232	0	0
4900	2450	13883	232	0	0
4902	2451	13882	232	0	0
4904	2452	13880	232	0	0
4906	2453	13879	232	0	0
4908	2454	13884	232	0	0
4910	2455	13892	232	0	0
4912	2456	13896	232	0	0
4914	2457	13882	232	0	0
4916	2458	13882	232	0	0
4918	2459	13883	232	0	0
4920	2460	13888	232	0	0
4922	2461	13897	232	0	0
4924	2462	13902	232	0	0
4926	2463	13885	232	0	0
4928	2464	13886	232	0	0
4930	2465	13884	232	0	0
4932	2466	13893	232	0	0
4934	2467	13898	232	0	0
4936	2468	13904	232	0	0
4938	2469	13890	232	0	0
4940	2470	13890	232	0	0
4942	2471	13885	232	0	0
4944	2472	13892	232	0	0
4946	2473	13900	232	0	0
4948	2474	13909	232	0	0
4950	2475	13889	232	0	0
4952	2476	13892	232	0	0
4954	2477	13892	232	0	0
4956	2478	13895	232	0	0
4958	2479	13902	232	0	0
4960	2480	13909	232	0	0
4962	2481	13896	232	0	0
4964	2482	13895	232	0	0
4966	2483	13893	232	0	0
4968	2484	13896	232	0	0
4970	2485	13901	232	0	0
4972	2486	13906	232	0	0
4974	2487	13894	232	0	0
4976	2488	13896	232	0	0
4978	2489	13895	232	0	0
4980	2490	13898	232	0	0
4982	2491	13903	232	0	0
4984	2492	13913	232	0	0
4986	2493	13896	232	0	0
4988	2494	13897	232	0	0
4990	2495	13895	232	0	0
4992	2496	13898	232	0	0
4994	2497	13905	232	0	0
4996	2498	13912	232	0	0
4998	2499	13913	232	0	0
5000	2500	13899	232	0	0
