2,1,10697,4,52066,0
4,2,11876,6,34410,2372
6,3,7873,8,58482,12
8,4,9229,8,321,0
10,5,11689,8,32682,0
12,6,5849,8,8869,0
14,7,12096,9,57854,0
16,8,10579,12,42052,0
18,9,8889,16,34461,0
20,10,7705,15,22810,0
22,11,6313,17,12114,0
24,12,10987,16,7725,0
26,13,11429,17,3606,0
28,14,9875,19,61730,0
30,15,12761,22,61236,0
32,16,9805,26,58814,0
34,17,8053,30,51533,0
36,18,9286,31,49538,0
38,19,3333,29,46668,0
40,20,11611,28,45297,0
42,21,7828,33,42846,0
44,22,7243,35,39859,0
46,23,8623,37,41661,0
48,24,5336,42,37332,0
50,25,8545,45,34199,0
52,26,14017,47,36461,0
54,27,11906,43,33335,0
56,28,11401,50,31225,0
58,29,11906,47,30956,0
60,30,10246,54,28845,0
62,31,10345,56,26081,0
64,32,6629,56,24619,0
66,33,10585,58,25883,0
68,34,9143,58,24001,0
70,35,9509,61,23025,0
72,36,7112,61,19916,0
74,37,7368,63,18949,0
76,38,10732,67,22064,0
78,39,13553,69,24032,0
80,40,12993,71,22534,0
82,41,13971,73,23174,0
84,42,7751,69,15506,0
86,43,13371,76,21390,0
88,44,12930,79,20375,0
90,45,12487,80,19658,0
92,46,11345,83,18440,0
94,47,10417,78,17361,0
96,48,10203,79,15307,0
98,49,9999,79,15001,0
100,50,6536,81,13072,0
102,51,6410,82,12821,0
104,52,6289,85,12580,0
106,53,11110,87,14816,0
108,54,10909,87,14546,0
110,55,10714,89,14286,0
112,56,8771,95,13158,0
114,57,8709,95,12887,0
116,58,8475,97,12712,0
118,59,8973,99,12180,0
120,60,9838,100,13114,0
122,61,8063,84,8068,0
124,62,7936,83,7939,0
126,63,7812,85,7815,0
128,64,7691,83,7694,0
130,65,11362,100,11365,0
132,66,7462,90,7464,0
134,67,7352,85,7355,0
136,68,7246,87,7248,0
138,69,11429,114,11429,0
140,70,9389,100,9390,0
142,71,11905,122,11904,0
144,72,6849,85,6851,0
146,73,6757,90,6758,0
148,74,6667,92,6668,0
150,75,6579,96,6580,0
152,76,12985,137,11364,0
154,77,10257,130,10256,0
156,78,12664,130,11252,0
158,79,14145,141,11956,0
160,80,14113,151,12051,0
162,81,13133,153,11257,0
164,82,13391,138,10709,0
166,83,11906,135,9524,0
168,84,11765,131,8824,0
170,85,11625,139,8721,0
172,86,8668,142,8605,0
174,87,7907,121,7411,0
176,88,7493,127,7489,0
178,89,13131,166,10101,0
180,90,13189,163,9890,0
182,91,12081,164,9661,0
184,92,12097,165,9408,0
186,93,12161,159,9118,0
188,94,12033,158,9022,0
190,95,12153,162,8680,0
192,96,12373,149,8247,0
194,97,12247,155,8163,0
196,98,11846,151,7733,0
198,99,12076,145,7586,0
200,100,12376,152,7426,0
202,101,12251,161,7353,0
204,102,9709,159,7281,0
206,103,9617,154,7211,0
208,104,9949,162,7036,0
210,105,9433,153,6289,0
212,106,9346,148,6230,0
214,107,9259,160,6173,0
216,108,9175,147,6116,0
218,109,9091,148,6060,0
220,110,9009,125,4505,0
222,111,8929,129,4465,0
224,112,8849,131,4425,0
226,113,8771,129,4386,0
228,114,8695,132,4348,0
230,115,8621,125,4311,0
232,116,8547,123,4274,0
234,117,8475,130,4238,0
236,118,8403,136,4202,0
238,119,8333,136,4167,0
240,120,8265,139,4133,0
242,121,8197,135,4099,0
244,122,8129,64,3,0
246,123,7057,75,1009,0
248,124,7998,45,4,0
250,125,7935,48,3,0
252,126,7873,48,3,0
254,127,7811,52,3,0
256,128,7750,48,3,0
258,129,7691,49,3,0
260,130,7632,46,3,0
262,131,7574,47,3,0
264,132,7517,44,3,0
266,133,7461,55,3,0
268,134,7407,50,2,0
270,135,7351,46,3,0
272,136,7299,46,2,0
274,137,7246,49,2,0
276,138,7194,47,2,0
278,139,7142,46,2,0
280,140,7092,49,2,0
282,141,7042,56,2,0
284,142,6993,35,2,0
286,143,6944,49,2,0
288,144,10345,159,3449,0
290,145,6849,45,2,0
292,146,10204,159,3402,0
294,147,10135,161,3379,0
296,148,10066,162,3356,0
298,149,10000,166,3334,0
300,150,9934,161,3312,0
302,151,9868,167,3290,0
304,152,9802,169,3268,0
306,153,9739,166,3247,0
308,154,9676,169,3226,0
310,155,9616,168,3206,0
312,156,9553,170,3185,0
314,157,9496,172,3165,0
316,158,6291,174,3145,0
318,159,6251,166,3125,0
320,160,6213,169,3106,0
322,161,6173,174,3086,0
324,162,6135,177,3067,0
326,163,6099,177,3049,0
328,164,6061,183,3030,0
330,165,6025,180,3012,0
332,166,5989,183,2994,0
334,167,5953,182,2976,0
336,168,5919,185,2959,0
338,169,5883,189,2941,0
340,170,5849,177,2923,0
342,171,5815,186,2907,0
344,172,5783,185,2890,0
346,173,5751,188,2873,0
348,174,5717,190,2857,0
350,175,5685,190,2840,0
352,176,6275,172,2512,0
354,177,5619,191,2808,0
356,178,6705,157,2235,0
358,179,5929,193,2592,0
360,180,5529,195,2760,0
362,181,5889,188,2550,0
364,182,6377,173,2277,0
366,183,6793,157,2038,0
368,184,7207,147,1803,0
370,185,7553,134,1600,0
372,186,8091,136,1303,0
374,187,8623,111,1009,0
376,188,9069,102,758,0
378,189,9693,69,418,0
380,190,9833,73,320,0
382,191,9553,68,433,0
384,192,9445,92,460,0
386,193,10305,48,3,0
388,194,10253,48,3,0
390,195,10203,49,2,0
392,196,10151,47,2,0
394,197,7576,209,2525,0
396,198,10049,50,2,0
398,199,7501,207,2500,0
400,200,7465,211,2488,0
402,201,7426,213,2475,0
404,202,7390,222,2463,0
406,203,7354,219,2450,0
408,204,7321,220,2439,0
410,205,7285,218,2427,0
412,206,7249,214,2415,0
414,207,7213,217,2403,0
416,208,7180,217,2392,0
418,209,7144,215,2380,0
420,210,7111,220,2369,0
422,211,7078,223,2358,0
424,212,7045,226,2347,0
426,213,7012,229,2336,0
428,214,6979,225,2325,0
430,215,6946,222,2314,0
432,216,6916,228,2304,0
434,217,4588,50,1,0
436,218,4567,50,1,0
438,219,6820,228,2272,0
440,220,4525,55,1,0
442,221,4505,65,1,0
444,222,4485,49,1,0
446,223,4465,47,1,0
448,224,4445,51,1,0
450,225,4425,43,1,0
452,226,4406,46,1,0
454,227,4386,48,1,0
456,228,4367,49,1,0
458,229,4348,47,1,0
460,230,4330,52,1,0
462,231,4311,51,1,0
464,232,4292,49,1,0
466,233,4274,51,1,0
468,234,4256,44,1,0
470,235,4238,48,1,0
472,236,4221,47,0,0
474,237,4203,51,0,0
476,238,4186,50,0,0
478,239,4168,49,0,0
480,240,4151,49,0,0
482,241,4134,53,0,0
484,242,4117,55,0,0
486,243,4100,68,0,0
488,244,4083,67,0,0
490,245,4067,49,0,0
492,246,4050,45,0,0
494,247,4034,51,0,0
496,248,4018,49,0,0
498,249,4002,46,0,0
500,250,3986,49,0,0
502,251,3970,51,0,0
504,252,3954,51,0,0
506,253,3939,51,0,0
508,254,3923,44,0,0
510,255,3908,48,0,0
512,256,3893,49,0,0
514,257,3877,55,0,0
516,258,3863,50,0,0
518,259,3848,49,0,0
520,260,3833,51,0,0
522,261,3818,53,0,0
524,262,3804,52,0,0
526,263,3789,55,0,0
528,264,3775,48,0,0
530,265,3761,47,0,0
532,266,3747,41,0,0
534,267,3733,47,0,0
536,268,3719,47,0,0
538,269,3705,50,0,0
540,270,3692,48,0,0
542,271,3678,49,0,0
544,272,3665,51,0,0
546,273,3651,47,0,0
548,274,3638,50,0,0
550,275,3625,45,0,0
552,276,3612,47,0,0
554,277,3599,46,0,0
556,278,3586,51,0,0
558,279,3573,51,0,0
560,280,3560,52,0,0
562,281,3548,52,0,0
564,282,3535,50,0,0
566,283,3523,66,0,0
568,284,3510,67,0,0
570,285,3498,66,0,0
572,286,3486,50,0,0
574,287,3474,50,0,0
576,288,3462,52,0,0
578,289,3450,48,0,0
580,290,3438,49,0,0
582,291,3426,50,0,0
584,292,3414,50,0,0
586,293,3403,48,0,0
588,294,3391,47,0,0
590,295,3380,47,0,0
592,296,3369,50,0,0
594,297,3357,49,0,0
596,298,3346,54,0,0
598,299,3335,49,0,0
600,300,3324,51,0,0
602,301,3313,49,0,0
604,302,3302,52,0,0
606,303,3291,55,0,0
608,304,3280,57,0,0
610,305,6535,50,1,0
612,306,3259,45,0,0
614,307,6493,47,1,0
616,308,6473,49,1,0
618,309,6453,47,0,0
620,310,6433,48,0,0
622,311,6413,45,0,0
624,312,6391,53,0,0
626,313,6371,50,0,0
628,314,6351,50,0,0
630,315,6331,50,0,0
632,316,6311,50,0,0
634,317,6291,56,0,0
636,318,6271,54,0,0
638,319,6253,48,0,0
640,320,6233,51,0,0
642,321,6213,48,0,0
644,322,6193,47,0,0
646,323,6175,47,0,0
648,324,6155,49,0,0
650,325,6137,49,0,0
652,326,6119,47,0,0
654,327,6099,48,0,0
656,328,6081,48,0,0
658,329,6063,47,0,0
660,330,6045,39,0,0
662,331,6027,48,0,0
664,332,6009,50,0,0
666,333,5991,48,0,0
668,334,5973,50,0,0
670,335,5955,50,0,0
672,336,5937,45,0,0
674,337,5919,49,0,0
676,338,5901,50,0,0
678,339,5885,47,0,0
680,340,5867,50,0,0
682,341,5849,52,0,0
684,342,5833,49,0,0
686,343,5815,49,0,0
688,344,5799,47,0,0
690,345,5783,50,0,0
692,346,5765,50,0,0
694,347,5749,50,0,0
696,348,5733,47,0,0
698,349,5717,47,0,0
700,350,5701,37,0,0
702,351,5683,37,0,0
704,352,5667,48,0,0
706,353,5651,38,0,0
708,354,5635,47,0,0
710,355,5619,44,0,0
712,356,5605,50,0,0
714,357,5589,54,0,0
716,358,5573,51,0,0
718,359,5557,47,0,0
720,360,5543,54,0,0
722,361,5527,52,0,0
724,362,5511,51,0,0
726,363,5497,49,0,0
728,364,5481,49,0,0
730,365,5467,49,0,0
732,366,5451,53,0,0
734,367,5437,50,0,0
736,368,5423,56,0,0
738,369,5407,54,0,0
740,370,5393,56,0,0
742,371,5379,55,0,0
744,372,5363,60,0,0
746,373,5349,58,0,0
748,374,5335,48,0,0
750,375,5321,48,0,0
752,376,5307,50,0,0
754,377,5293,46,0,0
756,378,5279,46,0,0
758,379,5265,47,0,0
760,380,5251,51,0,0
762,381,5237,50,0,0
764,382,5223,44,0,0
766,383,5211,48,0,0
768,384,5197,52,0,0
770,385,5183,46,0,0
772,386,5169,50,0,0
774,387,5157,47,0,0
776,388,5143,49,0,0
778,389,7693,50,1,0
780,390,7675,42,0,0
782,391,5105,46,0,0
784,392,7636,49,0,0
786,393,7618,48,0,0
788,394,7597,49,0,0
790,395,7579,50,0,0
792,396,7558,49,0,0
794,397,7540,51,0,0
796,398,7522,48,0,0
798,399,7504,45,0,0
800,400,7483,53,0,0
802,401,7465,50,0,0
804,402,7447,47,0,0
806,403,7429,48,0,0
808,404,7411,50,0,0
810,405,7393,48,0,0
812,406,7375,54,0,0
814,407,7354,48,0,0
816,408,7336,47,0,0
818,409,7321,46,0,0
820,410,7303,46,0,0
822,411,7285,50,0,0
824,412,7267,48,0,0
826,413,7249,48,0,0
828,414,7231,52,0,0
830,415,7213,53,0,0
832,416,7198,46,0,0
834,417,7180,50,0,0
836,418,7162,48,0,0
838,419,7144,59,0,0
840,420,7129,51,0,0
842,421,7111,48,0,0
844,422,7096,52,0,0
846,423,7078,46,0,0
848,424,7060,47,0,0
850,425,7045,47,0,0
852,426,7027,50,0,0
854,427,7012,51,0,0
856,428,6997,47,0,0
858,429,6979,45,0,0
860,430,6964,49,0,0
862,431,6946,50,0,0
864,432,6931,55,0,0
866,433,6916,48,0,0
868,434,6898,51,0,0
870,435,6883,50,0,0
872,436,6868,52,0,0
874,437,6853,52,0,0
876,438,6835,55,0,0
878,439,6820,45,0,0
880,440,6805,46,0,0
882,441,6790,50,0,0
884,442,6775,49,0,0
886,443,6760,50,0,0
888,444,6745,49,0,0
890,445,6730,54,0,0
892,446,6715,51,0,0
894,447,6700,50,0,0
896,448,6685,54,0,0
898,449,6670,48,0,0
900,450,6655,51,0,0
902,451,6640,48,0,0
904,452,6625,50,0,0
906,453,6610,49,0,0
908,454,6595,50,0,0
910,455,6580,49,0,0
912,456,6568,50,0,0
914,457,6553,46,0,0
916,458,6538,49,0,0
918,459,6523,47,0,0
920,460,6511,49,0,0
922,461,6496,52,0,0
924,462,6481,50,0,0
926,463,6469,46,0,0
928,464,6454,48,0,0
930,465,6439,51,0,0
932,466,6427,49,0,0
934,467,6412,50,0,0
936,468,6400,46,0,0
938,469,6385,49,0,0
940,470,6373,46,0,0
942,471,6358,45,0,0
944,472,6346,49,0,0
946,473,6331,47,0,0
948,474,6319,48,0,0
950,475,6304,51,0,0
952,476,8389,51,0,0
954,477,8373,47,0,0
956,478,8353,47,0,0
958,479,8337,45,0,0
960,480,8321,51,0,0
962,481,8301,49,0,0
964,482,8285,51,0,0
966,483,8269,53,0,0
968,484,8249,50,0,0
970,485,8233,50,0,0
972,486,8217,47,0,0
974,487,8201,52,0,0
976,488,8181,47,0,0
978,489,8165,46,0,0
980,490,8149,51,0,0
982,491,8133,49,0,0
984,492,8117,47,0,0
986,493,8101,48,0,0
988,494,8085,51,0,0
990,495,8069,50,0,0
992,496,8053,47,0,0
994,497,8037,49,0,0
996,498,8021,46,0,0
998,499,8005,49,0,0
1000,500,7989,47,0,0
1002,501,7973,55,0,0
1004,502,7957,49,0,0
1006,503,7941,48,0,0
1008,504,7925,47,0,0
1010,505,7909,52,0,0
1012,506,7893,49,0,0
1014,507,7877,53,0,0
1016,508,7861,40,0,0
1018,509,7845,50,0,0
1020,510,7829,49,0,0
1022,511,7817,49,0,0
1024,512,7801,48,0,0
1026,513,7785,50,0,0
1028,514,7769,49,0,0
1030,515,7753,50,0,0
1032,516,7741,48,0,0
1034,517,7725,50,0,0
1036,518,7709,50,0,0
1038,519,7697,52,0,0
1040,520,7681,50,0,0
1042,521,7665,49,0,0
1044,522,7653,49,0,0
1046,523,7637,47,0,0
1048,524,7621,51,0,0
1050,525,7609,49,0,0
1052,526,7593,46,0,0
1054,527,7577,39,0,0
1056,528,7565,48,0,0
1058,529,7549,47,0,0
1060,530,7537,49,0,0
1062,531,7521,47,0,0
1064,532,7509,47,0,0
1066,533,7493,47,0,0
1068,534,7481,48,0,0
1070,535,7465,50,0,0
1072,536,7453,48,0,0
1074,537,7437,51,0,0
1076,538,7425,51,0,0
1078,539,7409,49,0,0
1080,540,7397,45,0,0
1082,541,7385,51,0,0
1084,542,7369,49,0,0
1086,543,7357,49,0,0
1088,544,7341,48,0,0
1090,545,7329,50,0,0
1092,546,7317,45,0,0
1094,547,7301,46,0,0
1096,548,7289,44,0,0
1098,549,7277,47,0,0
1100,550,7261,51,0,0
1102,551,7249,47,0,0
1104,552,7237,48,0,0
1106,553,9031,47,0,0
1108,554,7209,49,0,0
1110,555,7197,49,0,0
1112,556,8981,55,0,0
1114,557,8966,53,0,0
1116,558,8946,47,0,0
1118,559,8931,50,0,0
1120,560,8916,51,0,0
1122,561,8901,48,0,0
1124,562,8886,48,0,0
1126,563,8871,56,0,0
1128,564,8851,50,0,0
1130,565,8836,47,0,0
1132,566,8821,51,0,0
1134,567,8806,47,0,0
1136,568,8791,49,0,0
1138,569,8776,47,0,0
1140,570,8761,48,0,0
1142,571,8746,50,0,0
1144,572,8731,50,0,0
1146,573,8716,51,0,0
1148,574,8701,47,0,0
1150,575,8686,54,0,0
1152,576,8671,71,0,0
1154,577,8656,50,0,0
1156,578,8641,49,0,0
1158,579,8626,51,0,0
1160,580,8611,50,0,0
1162,581,8596,49,0,0
1164,582,8581,48,0,0
1166,583,8566,49,0,0
1168,584,8551,48,0,0
1170,585,8536,47,0,0
1172,586,8521,51,0,0
1174,587,8506,50,0,0
1176,588,8491,47,0,0
1178,589,8476,51,0,0
1180,590,8466,51,0,0
1182,591,8451,48,0,0
1184,592,8436,49,0,0
1186,593,8421,49,0,0
1188,594,8406,52,0,0
1190,595,8391,47,0,0
1192,596,8381,37,0,0
1194,597,8366,46,0,0
1196,598,8351,44,0,0
1198,599,8336,50,0,0
1200,600,8321,50,0,0
1202,601,8311,48,0,0
1204,602,8296,55,0,0
1206,603,8281,49,0,0
1208,604,8266,49,0,0
1210,605,8256,50,0,0
1212,606,8241,52,0,0
1214,607,8226,49,0,0
1216,608,8216,47,0,0
1218,609,8201,47,0,0
1220,610,8186,48,0,0
1222,611,8171,53,0,0
1224,612,8161,48,0,0
1226,613,8146,51,0,0
1228,614,8136,47,0,0
1230,615,8121,70,0,0
1232,616,8106,50,0,0
1234,617,8096,49,0,0
1236,618,8081,51,0,0
1238,619,8066,49,0,0
1240,620,8056,45,0,0
1242,621,8041,50,0,0
1244,622,8031,50,0,0
1246,623,8016,50,0,0
1248,624,8006,47,0,0
1250,625,7991,48,0,0
1252,626,7976,49,0,0
1254,627,7966,46,0,0
1256,628,7951,48,0,0
1258,629,7941,51,0,0
1260,630,7926,48,0,0
1262,631,7916,48,0,0
1264,632,7901,51,0,0
1266,633,7891,49,0,0
1268,634,7876,45,0,0
1270,635,7866,47,0,0
1272,636,7851,51,0,0
1274,637,7841,50,0,0
1276,638,7826,50,0,0
1278,639,7816,50,0,0
1280,640,7806,49,0,0
1282,641,9349,47,0,0
1284,642,7781,48,0,0
1286,643,7766,51,0,0
1288,644,9307,45,0,0
1290,645,9289,51,0,0
1292,646,9277,52,0,0
1294,647,9265,50,0,0
1296,648,9247,47,0,0
1298,649,9235,47,0,0
1300,650,9223,49,0,0
1302,651,9205,57,0,0
1304,652,9193,48,0,0
1306,653,9181,47,0,0
1308,654,9163,46,0,0
1310,655,9151,49,0,0
1312,656,9139,50,0,0
1314,657,9121,47,0,0
1316,658,9109,50,0,0
1318,659,9097,50,0,0
1320,660,9079,51,0,0
1322,661,9067,48,0,0
1324,662,9055,47,0,0
1326,663,9043,53,0,0
1328,664,9025,73,0,0
1330,665,9013,52,0,0
1332,666,9001,47,0,0
1334,667,8989,50,0,0
1336,668,8971,47,0,0
1338,669,8959,46,0,0
1340,670,8947,50,0,0
1342,671,8935,50,0,0
1344,672,8917,45,0,0
1346,673,8905,52,0,0
1348,674,8893,47,0,0
1350,675,8881,47,0,0
1352,676,8869,49,0,0
1354,677,8851,51,0,0
1356,678,8839,49,0,0
1358,679,8827,48,0,0
1360,680,8815,49,0,0
1362,681,8803,51,0,0
1364,682,8791,48,0,0
1366,683,8773,45,0,0
1368,684,8761,37,0,0
1370,685,8749,52,0,0
1372,686,8737,48,0,0
1374,687,8725,52,0,0
1376,688,8713,49,0,0
1378,689,8701,47,0,0
1380,690,8689,51,0,0
1382,691,8677,48,0,0
1384,692,8665,50,0,0
1386,693,8647,53,0,0
1388,694,8635,47,0,0
1390,695,8623,51,0,0
1392,696,8611,48,0,0
1394,697,8599,48,0,0
1396,698,8587,51,0,0
1398,699,8575,50,0,0
1400,700,8563,49,0,0
1402,701,8551,53,0,0
1404,702,8539,46,0,0
1406,703,8527,65,0,0
1408,704,8515,50,0,0
1410,705,8503,50,0,0
1412,706,8491,51,0,0
1414,707,8479,49,0,0
1416,708,8467,48,0,0
1418,709,8455,48,0,0
1420,710,8443,49,0,0
1422,711,8431,46,0,0
1424,712,8419,48,0,0
1426,713,8407,49,0,0
1428,714,8395,47,0,0
1430,715,8383,47,0,0
1432,716,8371,50,0,0
1434,717,8359,48,0,0
1436,718,8347,50,0,0
1438,719,8335,49,0,0
1440,720,9710,51,0,0
1442,721,9703,49,0,0
1444,722,9689,50,0,0
1446,723,9675,51,0,0
1448,724,9661,49,0,0
1450,725,9647,49,0,0
1452,726,9633,51,0,0
1454,727,9619,49,0,0
1456,728,9605,49,0,0
1458,729,9591,49,0,0
1460,730,9577,49,0,0
1462,731,9570,46,0,0
1464,732,9556,49,0,0
1466,733,9542,52,0,0
1468,734,9528,51,0,0
1470,735,9514,46,0,0
1472,736,9500,49,0,0
1474,737,9493,52,0,0
1476,738,9479,48,0,0
1478,739,9465,53,0,0
1480,740,9451,49,0,0
1482,741,9437,48,0,0
1484,742,9423,50,0,0
1486,743,9416,47,0,0
1488,744,9402,52,0,0
1490,745,9388,47,0,0
1492,746,9374,47,0,0
1494,747,9360,47,0,0
1496,748,9353,52,0,0
1498,749,9339,49,0,0
1500,750,9325,48,0,0
1502,751,9311,47,0,0
1504,752,9304,41,0,0
1506,753,9290,48,0,0
1508,754,9276,49,0,0
1510,755,9262,48,0,0
1512,756,9255,51,0,0
1514,757,9241,48,0,0
1516,758,9227,51,0,0
1518,759,9213,50,0,0
1520,760,9206,49,0,0
1522,761,9192,49,0,0
1524,762,9178,47,0,0
1526,763,9164,49,0,0
1528,764,9157,50,0,0
1530,765,9143,51,0,0
1532,766,9129,50,0,0
1534,767,9122,47,0,0
1536,768,9108,49,0,0
1538,769,9094,48,0,0
1540,770,9087,49,0,0
1542,771,9073,45,0,0
1544,772,9059,44,0,0
1546,773,9045,48,0,0
1548,774,9038,49,0,0
1550,775,9024,48,0,0
1552,776,9017,49,0,0
1554,777,9003,47,0,0
1556,778,8989,45,0,0
1558,779,8982,47,0,0
1560,780,8968,48,0,0
1562,781,8954,47,0,0
1564,782,8947,50,0,0
1566,783,8933,52,0,0
1568,784,8919,49,0,0
1570,785,8912,49,0,0
1572,786,8898,51,0,0
1574,787,8891,48,0,0
1576,788,8877,49,0,0
1578,789,8863,48,0,0
1580,790,8856,49,0,0
1582,791,8842,48,0,0
1584,792,8835,51,0,0
1586,793,8821,48,0,0
1588,794,8807,52,0,0
1590,795,8800,48,0,0
1592,796,8786,45,0,0
1594,797,8779,48,0,0
1596,798,8765,49,0,0
1598,799,8758,49,0,0
1600,800,8744,51,0,0
1602,801,8730,51,0,0
1604,802,8723,48,0,0
1606,803,9953,50,0,0
1608,804,9945,49,0,0
1610,805,8688,49,0,0
1612,806,9921,45,0,0
1614,807,9905,49,0,0
1616,808,9897,50,0,0
1618,809,9881,47,0,0
1620,810,9873,47,0,0
1622,811,9857,42,0,0
1624,812,9849,50,0,0
1626,813,9833,48,0,0
1628,814,9817,48,0,0
1630,815,9809,49,0,0
1632,816,9793,50,0,0
1634,817,9785,46,0,0
1636,818,9777,48,0,0
1638,819,9761,49,0,0
1640,820,9753,46,0,0
1642,821,9737,50,0,0
1644,822,9729,52,0,0
1646,823,9713,50,0,0
1648,824,9705,51,0,0
1650,825,9689,47,0,0
1652,826,9681,50,0,0
1654,827,9665,48,0,0
1656,828,9657,49,0,0
1658,829,9641,48,0,0
1660,830,9633,47,0,0
1662,831,9617,47,0,0
1664,832,9609,47,0,0
1666,833,9601,48,0,0
1668,834,9585,48,0,0
1670,835,9577,49,0,0
1672,836,9561,51,0,0
1674,837,9553,46,0,0
1676,838,9537,51,0,0
1678,839,9529,50,0,0
1680,840,9521,65,0,0
1682,841,9505,47,0,0
1684,842,9497,49,0,0
1686,843,9481,49,0,0
1688,844,9473,49,0,0
1690,845,9465,49,0,0
1692,846,9449,49,0,0
1694,847,9441,51,0,0
1696,848,9425,49,0,0
1698,849,9417,51,0,0
1700,850,9409,51,0,0
1702,851,9393,50,0,0
1704,852,9385,49,0,0
1706,853,9369,44,0,0
1708,854,9361,50,0,0
1710,855,9353,48,0,0
1712,856,9337,47,0,0
1714,857,9329,48,0,0
1716,858,9321,46,0,0
1718,859,9305,50,0,0
1720,860,9297,47,0,0
1722,861,9289,48,0,0
1724,862,9273,48,0,0
1726,863,9265,52,0,0
1728,864,9257,49,0,0
1730,865,9241,50,0,0
1732,866,9233,56,0,0
1734,867,9225,50,0,0
1736,868,9209,51,0,0
1738,869,9201,48,0,0
1740,870,9193,52,0,0
1742,871,9177,50,0,0
1744,872,9169,50,0,0
1746,873,9161,48,0,0
1748,874,9145,48,0,0
1750,875,9137,52,0,0
1752,876,9129,49,0,0
1754,877,9113,49,0,0
1756,878,9105,47,0,0
1758,879,9097,65,0,0
1760,880,9089,51,0,0
1762,881,10207,50,0,0
1764,882,9065,46,0,0
1766,883,9057,49,0,0
1768,884,10171,47,0,0
1770,885,9033,50,0,0
1772,886,9025,50,0,0
1774,887,10144,50,0,0
1776,888,10126,46,0,0
1778,889,10117,71,0,0
1780,890,10108,51,0,0
1782,891,10099,49,0,0
1784,892,10081,50,0,0
1786,893,10072,45,0,0
1788,894,10063,46,0,0
1790,895,10054,50,0,0
1792,896,10036,50,0,0
1794,897,10027,46,0,0
1796,898,10018,49,0,0
1798,899,10009,47,0,0
1800,900,9991,48,0,0
1802,901,9982,51,0,0
1804,902,9973,50,0,0
1806,903,9964,50,0,0
1808,904,9946,47,0,0
1810,905,9937,47,0,0
1812,906,9928,49,0,0
1814,907,9919,48,0,0
1816,908,9910,49,0,0
1818,909,9892,53,0,0
1820,910,9883,51,0,0
1822,911,9874,45,0,0
1824,912,9865,51,0,0
1826,913,9856,48,0,0
1828,914,9838,48,0,0
1830,915,9829,46,0,0
1832,916,9820,49,0,0
1834,917,9811,51,0,0
1836,918,9802,51,0,0
1838,919,9784,50,0,0
1840,920,9775,50,0,0
1842,921,9766,48,0,0
1844,922,9757,49,0,0
1846,923,9748,52,0,0
1848,924,9739,51,0,0
1850,925,9721,46,0,0
1852,926,9712,47,0,0
1854,927,9703,48,0,0
1856,928,9694,69,0,0
1858,929,9685,51,0,0
1860,930,9676,50,0,0
1862,931,9658,51,0,0
1864,932,9649,47,0,0
1866,933,9640,46,0,0
1868,934,9631,49,0,0
1870,935,9622,49,0,0
1872,936,9613,49,0,0
1874,937,9604,49,0,0
1876,938,9586,49,0,0
1878,939,9577,49,0,0
1880,940,9568,50,0,0
1882,941,9559,55,0,0
1884,942,9550,50,0,0
1886,943,9541,49,0,0
1888,944,9532,48,0,0
1890,945,9523,52,0,0
1892,946,9505,48,0,0
1894,947,9496,45,0,0
1896,948,9487,48,0,0
1898,949,9478,49,0,0
1900,950,9469,49,0,0
1902,951,9460,52,0,0
1904,952,9451,49,0,0
1906,953,9442,47,0,0
1908,954,9433,55,0,0
1910,955,9424,49,0,0
1912,956,9406,49,0,0
1914,957,9397,47,0,0
1916,958,9388,46,0,0
1918,959,9379,50,0,0
1920,960,9370,48,0,0
1922,961,9361,48,0,0
1924,962,9352,54,0,0
1926,963,9343,50,0,0
1928,964,9334,47,0,0
1930,965,9325,49,0,0
1932,966,9316,52,0,0
1934,967,10341,53,0,0
1936,968,9289,44,0,0
1938,969,10311,51,0,0
1940,970,10301,48,0,0
1942,971,10291,48,0,0
1944,972,10281,52,0,0
1946,973,10271,47,0,0
1948,974,10261,49,0,0
1950,975,10251,49,0,0
1952,976,10241,54,0,0
1954,977,10231,56,0,0
1956,978,10221,45,0,0
1958,979,10211,50,0,0
1960,980,10201,51,0,0
1962,981,10191,46,0,0
1964,982,10181,51,0,0
1966,983,10171,48,0,0
1968,984,10161,51,0,0
1970,985,10151,47,0,0
1972,986,10141,47,0,0
1974,987,10131,46,0,0
1976,988,10121,50,0,0
1978,989,10111,47,0,0
1980,990,10101,56,0,0
1982,991,10091,49,0,0
1984,992,10081,46,0,0
1986,993,10071,50,0,0
1988,994,10061,48,0,0
1990,995,10051,49,0,0
1992,996,10041,49,0,0
1994,997,10031,53,0,0
1996,998,10021,51,0,0
1998,999,10011,50,0,0
2000,1000,10001,48,0,0
2002,1001,9991,51,0,0
2004,1002,9981,49,0,0
2006,1003,9971,57,0,0
2008,1004,9961,51,0,0
2010,1005,9951,47,0,0
2012,1006,9941,47,0,0
2014,1007,9931,48,0,0
2016,1008,9921,47,0,0
2018,1009,9911,49,0,0
2020,1010,9901,49,0,0
2022,1011,9891,51,0,0
2024,1012,9881,49,0,0
2026,1013,9871,47,0,0
2028,1014,9861,47,0,0
2030,1015,9851,50,0,0
2032,1016,9841,50,0,0
2034,1017,9831,49,0,0
2036,1018,9821,49,0,0
2038,1019,9811,50,0,0
2040,1020,9801,49,0,0
2042,1021,9791,47,0,0
2044,1022,9781,51,0,0
2046,1023,9771,49,0,0
2048,1024,9761,50,0,0
2050,1025,9751,49,0,0
2052,1026,9741,45,0,0
2054,1027,9731,49,0,0
2056,1028,9721,49,0,0
2058,1029,9711,51,0,0
2060,1030,9701,49,0,0
2062,1031,9691,48,0,0
2064,1032,9691,47,0,0
2066,1033,9681,49,0,0
2068,1034,9671,48,0,0
2070,1035,9661,49,0,0
2072,1036,9651,53,0,0
2074,1037,9641,51,0,0
2076,1038,9631,49,0,0
2078,1039,9621,50,0,0
2080,1040,9611,51,0,0
2082,1041,9601,48,0,0
2084,1042,9591,48,0,0
2086,1043,9581,49,0,0
2088,1044,9571,48,0,0
2090,1045,9571,47,0,0
2092,1046,9561,47,0,0
2094,1047,9551,50,0,0
2096,1048,9541,48,0,0
2098,1049,10484,50,0,0
2100,1050,10473,48,0,0
2102,1051,10462,47,0,0
2104,1052,10451,55,0,0
2106,1053,10440,49,0,0
2108,1054,10429,49,0,0
2110,1055,10418,54,0,0
2112,1056,10418,51,0,0
2114,1057,10407,51,0,0
2116,1058,10396,48,0,0
2118,1059,10385,47,0,0
2120,1060,10374,51,0,0
2122,1061,10363,53,0,0
2124,1062,10352,47,0,0
2126,1063,10341,49,0,0
2128,1064,10330,47,0,0
2130,1065,10330,73,0,0
2132,1066,10319,47,0,0
2134,1067,10308,47,0,0
2136,1068,10297,49,0,0
2138,1069,10286,50,0,0
2140,1070,10275,50,0,0
2142,1071,10264,50,0,0
2144,1072,10253,50,0,0
2146,1073,10253,48,0,0
2148,1074,10242,51,0,0
2150,1075,10231,52,0,0
2152,1076,10220,49,0,0
2154,1077,10209,47,0,0
2156,1078,10198,50,0,0
2158,1079,10187,51,0,0
2160,1080,10187,48,0,0
2162,1081,10176,46,0,0
2164,1082,10165,49,0,0
2166,1083,10154,51,0,0
2168,1084,10143,49,0,0
2170,1085,10132,47,0,0
2172,1086,10121,46,0,0
2174,1087,10121,48,0,0
2176,1088,10110,48,0,0
2178,1089,10099,49,0,0
2180,1090,10088,50,0,0
2182,1091,10077,52,0,0
2184,1092,10066,48,0,0
2186,1093,10066,48,0,0
2188,1094,10055,46,0,0
2190,1095,10044,47,0,0
2192,1096,10033,51,0,0
2194,1097,10022,48,0,0
2196,1098,10011,48,0,0
2198,1099,10011,49,0,0
2200,1100,10000,50,0,0
2202,1101,9989,48,0,0
2204,1102,9978,51,0,0
2206,1103,9967,47,0,0
2208,1104,9956,63,0,0
2210,1105,9956,51,0,0
2212,1106,9945,48,0,0
2214,1107,9934,51,0,0
2216,1108,9923,47,0,0
2218,1109,9912,51,0,0
2220,1110,9912,52,0,0
2222,1111,9901,51,0,0
2224,1112,9890,48,0,0
2226,1113,9879,49,0,0
2228,1114,9868,51,0,0
2230,1115,9868,48,0,0
2232,1116,9857,48,0,0
2234,1117,9846,50,0,0
2236,1118,9835,49,0,0
2238,1119,9824,49,0,0
2240,1120,9824,48,0,0
2242,1121,9813,51,0,0
2244,1122,9802,46,0,0
2246,1123,9791,51,0,0
2248,1124,9780,45,0,0
2250,1125,9780,51,0,0
2252,1126,9769,49,0,0
2254,1127,9758,51,0,0
2256,1128,9747,50,0,0
2258,1129,9736,48,0,0
2260,1130,10621,49,0,0
2262,1131,10609,51,0,0
2264,1132,9714,48,0,0
2266,1133,9703,51,0,0
2268,1134,10585,39,0,0
2270,1135,10573,51,0,0
2272,1136,10561,47,0,0
2274,1137,10549,48,0,0
2276,1138,10537,49,0,0
2278,1139,10537,47,0,0
2280,1140,10525,48,0,0
2282,1141,10513,49,0,0
2284,1142,10501,49,0,0
2286,1143,10501,49,0,0
2288,1144,10489,51,0,0
2290,1145,10477,49,0,0
2292,1146,10465,48,0,0
2294,1147,10465,49,0,0
2296,1148,10453,49,0,0
2298,1149,10441,49,0,0
2300,1150,10429,48,0,0
2302,1151,10429,48,0,0
2304,1152,10417,48,0,0
2306,1153,10405,75,0,0
2308,1154,10393,49,0,0
2310,1155,10393,49,0,0
2312,1156,10381,49,0,0
2314,1157,10369,51,0,0
2316,1158,10357,46,0,0
2318,1159,10357,47,0,0
2320,1160,10345,48,0,0
2322,1161,10333,49,0,0
2324,1162,10321,49,0,0
2326,1163,10321,51,0,0
2328,1164,10309,49,0,0
2330,1165,10297,47,0,0
2332,1166,10285,52,0,0
2334,1167,10285,50,0,0
2336,1168,10273,47,0,0
2338,1169,10261,47,0,0
2340,1170,10249,50,0,0
2342,1171,10249,48,0,0
2344,1172,10237,45,0,0
2346,1173,10225,45,0,0
2348,1174,10225,51,0,0
2350,1175,10213,50,0,0
2352,1176,10201,50,0,0
2354,1177,10189,48,0,0
2356,1178,10189,49,0,0
2358,1179,10177,50,0,0
2360,1180,10165,51,0,0
2362,1181,10165,48,0,0
2364,1182,10153,52,0,0
2366,1183,10141,50,0,0
2368,1184,10129,48,0,0
2370,1185,10129,48,0,0
2372,1186,10117,50,0,0
2374,1187,10105,51,0,0
2376,1188,10105,51,0,0
2378,1189,10093,47,0,0
2380,1190,10081,50,0,0
2382,1191,10069,48,0,0
2384,1192,10069,65,0,0
2386,1193,10057,51,0,0
2388,1194,10045,47,0,0
2390,1195,10045,51,0,0
2392,1196,10033,46,0,0
2394,1197,10021,46,0,0
2396,1198,10021,50,0,0
2398,1199,10009,51,0,0
2400,1200,9997,49,0,0
2402,1201,9985,47,0,0
2404,1202,9985,51,0,0
2406,1203,9973,51,0,0
2408,1204,9961,50,0,0
2410,1205,9961,54,0,0
2412,1206,9949,49,0,0
2414,1207,9937,48,0,0
2416,1208,9937,47,0,0
2418,1209,10752,49,0,0
2420,1210,10739,48,0,0
2422,1211,10739,47,0,0
2424,1212,10726,43,0,0
2426,1213,9889,50,0,0
2428,1214,10713,49,0,0
2430,1215,10700,47,0,0
2432,1216,10687,50,0,0
2434,1217,10687,47,0,0
2436,1218,10674,47,0,0
2438,1219,10661,51,0,0
2440,1220,10661,48,0,0
2442,1221,10648,58,0,0
2444,1222,10635,46,0,0
2446,1223,10622,51,0,0
2448,1224,10622,48,0,0
2450,1225,10609,51,0,0
2452,1226,10596,49,0,0
2454,1227,10596,48,0,0
2456,1228,10583,51,0,0
2458,1229,10583,49,0,0
2460,1230,10570,48,0,0
2462,1231,10557,47,0,0
2464,1232,10557,47,0,0
2466,1233,10544,49,0,0
2468,1234,10531,49,0,0
2470,1235,10531,48,0,0
2472,1236,10518,52,0,0
2474,1237,10505,49,0,0
2476,1238,10505,49,0,0
2478,1239,10492,52,0,0
2480,1240,10479,48,0,0
2482,1241,10479,40,0,0
2484,1242,10466,44,0,0
2486,1243,10453,50,0,0
2488,1244,10453,51,0,0
2490,1245,10440,51,0,0
2492,1246,10427,49,0,0
2494,1247,10427,50,0,0
2496,1248,10414,51,0,0
2498,1249,10414,49,0,0
2500,1250,10401,47,0,0
2502,1251,10388,52,0,0
2504,1252,10388,50,0,0
2506,1253,10375,48,0,0
2508,1254,10362,51,0,0
2510,1255,10362,51,0,0
2512,1256,10349,47,0,0
2514,1257,10336,48,0,0
2516,1258,10336,49,0,0
2518,1259,10323,46,0,0
2520,1260,10323,45,0,0
2522,1261,10310,49,0,0
2524,1262,10297,51,0,0
2526,1263,10297,47,0,0
2528,1264,10284,49,0,0
2530,1265,10271,51,0,0
2532,1266,10271,49,0,0
2534,1267,10258,45,0,0
2536,1268,10258,49,0,0
2538,1269,10245,48,0,0
2540,1270,10232,51,0,0
2542,1271,10232,51,0,0
2544,1272,10219,50,0,0
2546,1273,10206,48,0,0
2548,1274,10206,48,0,0
2550,1275,10193,51,0,0
2552,1276,10193,51,0,0
2554,1277,10180,48,0,0
2556,1278,10167,47,0,0
2558,1279,10167,47,0,0
2560,1280,10154,46,0,0
2562,1281,10154,47,0,0
2564,1282,10141,51,0,0
2566,1283,10128,49,0,0
2568,1284,10128,50,0,0
2570,1285,10115,47,0,0
2572,1286,10115,49,0,0
2574,1287,10102,50,0,0
2576,1288,10089,49,0,0
2578,1289,10089,46,0,0
2580,1290,10076,47,0,0
2582,1291,10063,47,0,0
2584,1292,10063,49,0,0
2586,1293,10050,47,0,0
2588,1294,10050,49,0,0
2590,1295,10809,48,0,0
2592,1296,10809,50,0,0
2594,1297,10795,51,0,0
2596,1298,10781,49,0,0
2598,1299,10781,49,0,0
2600,1300,10767,51,0,0
2602,1301,10767,50,0,0
2604,1302,10753,50,0,0
2606,1303,10739,44,0,0
2608,1304,10739,51,0,0
2610,1305,10725,46,0,0
2612,1306,10725,47,0,0
2614,1307,10711,49,0,0
2616,1308,10697,48,0,0
2618,1309,10697,45,0,0
2620,1310,10683,45,0,0
2622,1311,10683,48,0,0
2624,1312,10669,48,0,0
2626,1313,10669,49,0,0
2628,1314,10655,51,0,0
2630,1315,10641,50,0,0
2632,1316,10641,47,0,0
2634,1317,10627,48,0,0
2636,1318,10627,49,0,0
2638,1319,10613,46,0,0
2640,1320,10613,49,0,0
2642,1321,10599,47,0,0
2644,1322,10585,49,0,0
2646,1323,10585,48,0,0
2648,1324,10571,48,0,0
2650,1325,10571,48,0,0
2652,1326,10557,51,0,0
2654,1327,10557,47,0,0
2656,1328,10543,46,0,0
2658,1329,10529,66,0,0
2660,1330,10529,51,0,0
2662,1331,10515,48,0,0
2664,1332,10515,50,0,0
2666,1333,10501,50,0,0
2668,1334,10501,51,0,0
2670,1335,10487,50,0,0
2672,1336,10473,51,0,0
2674,1337,10473,48,0,0
2676,1338,10459,48,0,0
2678,1339,10459,47,0,0
2680,1340,10445,48,0,0
2682,1341,10445,49,0,0
2684,1342,10431,50,0,0
2686,1343,10431,49,0,0
2688,1344,10417,48,0,0
2690,1345,10403,50,0,0
2692,1346,10403,49,0,0
2694,1347,10389,50,0,0
2696,1348,10389,55,0,0
2698,1349,10375,47,0,0
2700,1350,10375,49,0,0
2702,1351,10361,49,0,0
2704,1352,10361,49,0,0
2706,1353,10347,52,0,0
2708,1354,10347,47,0,0
2710,1355,10333,52,0,0
2712,1356,10319,49,0,0
2714,1357,10319,48,0,0
2716,1358,10305,54,0,0
2718,1359,10305,46,0,0
2720,1360,10291,51,0,0
2722,1361,10291,47,0,0
2724,1362,10277,48,0,0
2726,1363,10277,50,0,0
2728,1364,10263,50,0,0
2730,1365,10263,47,0,0
2732,1366,10249,47,0,0
2734,1367,10235,47,0,0
2736,1368,10235,45,0,0
2738,1369,10221,44,0,0
2740,1370,10221,50,0,0
2742,1371,10207,47,0,0
2744,1372,10207,51,0,0
2746,1373,10193,49,0,0
2748,1374,10193,51,0,0
2750,1375,10906,47,0,0
2752,1376,10906,50,0,0
2754,1377,10891,47,0,0
2756,1378,10891,62,0,0
2758,1379,10876,52,0,0
2760,1380,10876,49,0,0
2762,1381,10861,51,0,0
2764,1382,10861,48,0,0
2766,1383,10846,45,0,0
2768,1384,10846,49,0,0
2770,1385,10831,51,0,0
2772,1386,10816,47,0,0
2774,1387,10816,47,0,0
2776,1388,10801,48,0,0
2778,1389,10801,49,0,0
2780,1390,10786,50,0,0
2782,1391,10786,51,0,0
2784,1392,10771,49,0,0
2786,1393,10771,48,0,0
2788,1394,10756,50,0,0
2790,1395,10756,49,0,0
2792,1396,10741,49,0,0
2794,1397,10741,52,0,0
2796,1398,10726,39,0,0
2798,1399,10726,51,0,0
2800,1400,10711,46,0,0
2802,1401,10711,51,0,0
2804,1402,10696,50,0,0
2806,1403,10696,49,0,0
2808,1404,10681,54,0,0
2810,1405,10681,49,0,0
2812,1406,10666,51,0,0
2814,1407,10666,49,0,0
2816,1408,10651,51,0,0
2818,1409,10651,50,0,0
2820,1410,10636,48,0,0
2822,1411,10636,50,0,0
2824,1412,10621,49,0,0
2826,1413,10621,48,0,0
2828,1414,10606,49,0,0
2830,1415,10606,49,0,0
2832,1416,10591,46,0,0
2834,1417,10591,38,0,0
2836,1418,10576,52,0,0
2838,1419,10576,49,0,0
2840,1420,10561,51,0,0
2842,1421,10561,47,0,0
2844,1422,10546,51,0,0
2846,1423,10546,50,0,0
2848,1424,10531,51,0,0
2850,1425,10531,50,0,0
2852,1426,10516,47,0,0
2854,1427,10516,47,0,0
2856,1428,10501,50,0,0
2858,1429,10501,49,0,0
2860,1430,10486,48,0,0
2862,1431,10486,48,0,0
2864,1432,10471,48,0,0
2866,1433,10471,48,0,0
2868,1434,10456,48,0,0
2870,1435,10456,47,0,0
2872,1436,10441,45,0,0
2874,1437,10441,53,0,0
2876,1438,10426,52,0,0
2878,1439,10426,48,0,0
2880,1440,10411,51,0,0
2882,1441,10411,50,0,0
2884,1442,10411,49,0,0
2886,1443,10396,56,0,0
2888,1444,10396,50,0,0
2890,1445,10381,49,0,0
2892,1446,10381,56,0,0
2894,1447,10366,50,0,0
2896,1448,10366,49,0,0
2898,1449,10351,47,0,0
2900,1450,10351,47,0,0
2902,1451,10336,49,0,0
2904,1452,10336,48,0,0
2906,1453,10321,46,0,0
2908,1454,10321,50,0,0
2910,1455,10993,47,0,0
2912,1456,10306,42,0,0
2914,1457,10977,46,0,0
2916,1458,10977,49,0,0
2918,1459,10961,47,0,0
2920,1460,10961,50,0,0
2922,1461,10945,50,0,0
2924,1462,10945,49,0,0
2926,1463,10945,47,0,0
2928,1464,10929,49,0,0
2930,1465,10929,47,0,0
2932,1466,10913,56,0,0
2934,1467,10913,51,0,0
2936,1468,10897,51,0,0
2938,1469,10897,51,0,0
2940,1470,10881,47,0,0
2942,1471,10881,45,0,0
2944,1472,10865,49,0,0
2946,1473,10865,50,0,0
2948,1474,10849,49,0,0
2950,1475,10849,48,0,0
2952,1476,10849,44,0,0
2954,1477,10833,50,0,0
2956,1478,10833,48,0,0
2958,1479,10817,55,0,0
2960,1480,10817,49,0,0
2962,1481,10801,48,0,0
2964,1482,10801,47,0,0
2966,1483,10785,53,0,0
2968,1484,10785,52,0,0
2970,1485,10769,45,0,0
2972,1486,10769,43,0,0
2974,1487,10769,52,0,0
2976,1488,10753,47,0,0
2978,1489,10753,51,0,0
2980,1490,10737,51,0,0
2982,1491,10737,47,0,0
2984,1492,10721,48,0,0
2986,1493,10721,50,0,0
2988,1494,10705,48,0,0
2990,1495,10705,53,0,0
2992,1496,10705,49,0,0
2994,1497,10689,51,0,0
2996,1498,10689,48,0,0
2998,1499,10673,48,0,0
3000,1500,10673,53,0,0
3002,1501,10657,50,0,0
3004,1502,10657,48,0,0
3006,1503,10641,47,0,0
3008,1504,10641,46,0,0
3010,1505,10641,44,0,0
3012,1506,10625,47,0,0
3014,1507,10625,51,0,0
3016,1508,10609,47,0,0
3018,1509,10609,46,0,0
3020,1510,10593,45,0,0
3022,1511,10593,49,0,0
3024,1512,10577,51,0,0
3026,1513,10577,50,0,0
3028,1514,10577,49,0,0
3030,1515,10561,51,0,0
3032,1516,10561,49,0,0
3034,1517,10545,50,0,0
3036,1518,10545,48,0,0
3038,1519,10529,48,0,0
3040,1520,10529,50,0,0
3042,1521,10529,46,0,0
3044,1522,10513,49,0,0
3046,1523,10513,47,0,0
3048,1524,10497,60,0,0
3050,1525,10497,53,0,0
3052,1526,10481,46,0,0
3054,1527,10481,47,0,0
3056,1528,10481,49,0,0
3058,1529,10465,50,0,0
3060,1530,10465,47,0,0
3062,1531,10449,46,0,0
3064,1532,10449,51,0,0
3066,1533,10433,50,0,0
3068,1534,10433,47,0,0
3070,1535,10433,48,0,0
3072,1536,10417,48,0,0
3074,1537,11068,50,0,0
3076,1538,11051,48,0,0
3078,1539,11051,51,0,0
3080,1540,11034,48,0,0
3082,1541,11034,47,0,0
3084,1542,11034,51,0,0
3086,1543,11017,48,0,0
3088,1544,11017,47,0,0
3090,1545,11000,47,0,0
3092,1546,11000,52,0,0
3094,1547,10983,47,0,0
3096,1548,10983,48,0,0
3098,1549,10983,47,0,0
3100,1550,10966,50,0,0
3102,1551,10966,51,0,0
3104,1552,10949,53,0,0
3106,1553,10949,53,0,0
3108,1554,10949,75,0,0
3110,1555,10932,52,0,0
3112,1556,10932,49,0,0
3114,1557,10915,50,0,0
3116,1558,10915,50,0,0
3118,1559,10915,46,0,0
3120,1560,10898,48,0,0
3122,1561,10898,50,0,0
3124,1562,10881,49,0,0
3126,1563,10881,53,0,0
3128,1564,10864,52,0,0
3130,1565,10864,50,0,0
3132,1566,10864,50,0,0
3134,1567,10847,53,0,0
3136,1568,10847,48,0,0
3138,1569,10830,50,0,0
3140,1570,10830,48,0,0
3142,1571,10830,51,0,0
3144,1572,10813,47,0,0
3146,1573,10813,45,0,0
3148,1574,10796,53,0,0
3150,1575,10796,45,0,0
3152,1576,10796,50,0,0
3154,1577,10779,50,0,0
3156,1578,10779,52,0,0
3158,1579,10762,49,0,0
3160,1580,10762,57,0,0
3162,1581,10762,52,0,0
3164,1582,10745,47,0,0
3166,1583,10745,46,0,0
3168,1584,10728,51,0,0
3170,1585,10728,48,0,0
3172,1586,10728,47,0,0
3174,1587,10711,48,0,0
3176,1588,10711,50,0,0
3178,1589,10694,49,0,0
3180,1590,10694,47,0,0
3182,1591,10694,48,0,0
3184,1592,10677,47,0,0
3186,1593,10677,73,0,0
3188,1594,10660,45,0,0
3190,1595,10660,51,0,0
3192,1596,10660,50,0,0
3194,1597,10643,49,0,0
3196,1598,10643,48,0,0
3198,1599,10643,51,0,0
3200,1600,10626,50,0,0
3202,1601,10626,47,0,0
3204,1602,10609,47,0,0
3206,1603,10609,51,0,0
3208,1604,10609,50,0,0
3210,1605,10592,50,0,0
3212,1606,10592,56,0,0
3214,1607,10575,51,0,0
3216,1608,10575,47,0,0
3218,1609,10575,48,0,0
3220,1610,10558,50,0,0
3222,1611,10558,47,0,0
3224,1612,10541,55,0,0
3226,1613,10541,51,0,0
3228,1614,10541,50,0,0
3230,1615,10524,47,0,0
3232,1616,10524,50,0,0
3234,1617,10524,51,0,0
3236,1618,11125,50,0,0
3238,1619,11125,49,0,0
3240,1620,11107,49,0,0
3242,1621,11107,49,0,0
3244,1622,11107,45,0,0
3246,1623,11089,43,0,0
3248,1624,11089,51,0,0
3250,1625,11089,49,0,0
3252,1626,11071,50,0,0
3254,1627,11071,47,0,0
3256,1628,11053,49,0,0
3258,1629,11053,51,0,0
3260,1630,11053,51,0,0
3262,1631,11035,48,0,0
3264,1632,11035,48,0,0
3266,1633,11017,51,0,0
3268,1634,11017,48,0,0
3270,1635,11017,48,0,0
3272,1636,10999,48,0,0
3274,1637,10999,49,0,0
3276,1638,10999,52,0,0
3278,1639,10981,48,0,0
3280,1640,10981,49,0,0
3282,1641,10981,50,0,0
3284,1642,10963,65,0,0
3286,1643,10963,51,0,0
3288,1644,10945,49,0,0
3290,1645,10945,51,0,0
3292,1646,10945,50,0,0
3294,1647,10927,49,0,0
3296,1648,10927,49,0,0
3298,1649,10927,50,0,0
3300,1650,10909,46,0,0
3302,1651,10909,48,0,0
3304,1652,10891,49,0,0
3306,1653,10891,50,0,0
3308,1654,10891,50,0,0
3310,1655,10873,47,0,0
3312,1656,10873,49,0,0
3314,1657,10873,50,0,0
3316,1658,10855,47,0,0
3318,1659,10855,48,0,0
3320,1660,10855,46,0,0
3322,1661,10837,57,0,0
3324,1662,10837,48,0,0
3326,1663,10819,50,0,0
3328,1664,10819,47,0,0
3330,1665,10819,49,0,0
3332,1666,10801,52,0,0
3334,1667,10801,50,0,0
3336,1668,10801,52,0,0
3338,1669,10783,52,0,0
3340,1670,10783,49,0,0
3342,1671,10783,46,0,0
3344,1672,10765,49,0,0
3346,1673,10765,50,0,0
3348,1674,10765,49,0,0
3350,1675,10747,47,0,0
3352,1676,10747,48,0,0
3354,1677,10729,50,0,0
3356,1678,10729,49,0,0
3358,1679,10729,47,0,0
3360,1680,10711,54,0,0
3362,1681,10711,56,0,0
3364,1682,10711,50,0,0
3366,1683,10693,49,0,0
3368,1684,10693,52,0,0
3370,1685,10693,47,0,0
3372,1686,10675,50,0,0
3374,1687,10675,50,0,0
3376,1688,10675,50,0,0
3378,1689,10657,48,0,0
3380,1690,10657,52,0,0
3382,1691,10657,46,0,0
3384,1692,10639,50,0,0
3386,1693,10639,48,0,0
3388,1694,10621,44,0,0
3390,1695,10621,49,0,0
3392,1696,10621,49,0,0
3394,1697,10603,48,0,0
3396,1698,11192,50,0,0
3398,1699,11192,50,0,0
3400,1700,11173,47,0,0
3402,1701,11173,44,0,0
3404,1702,10585,49,0,0
3406,1703,11154,49,0,0
3408,1704,11154,44,0,0
3410,1705,11154,50,0,0
3412,1706,11135,51,0,0
3414,1707,11135,49,0,0
3416,1708,11135,49,0,0
3418,1709,11116,51,0,0
3420,1710,11116,45,0,0
3422,1711,11116,47,0,0
3424,1712,11097,51,0,0
3426,1713,11097,49,0,0
3428,1714,11097,52,0,0
3430,1715,11078,47,0,0
3432,1716,11078,49,0,0
3434,1717,11078,53,0,0
3436,1718,11059,48,0,0
3438,1719,11059,49,0,0
3440,1720,11059,47,0,0
3442,1721,11040,49,0,0
3444,1722,11040,50,0,0
3446,1723,11040,49,0,0
3448,1724,11021,49,0,0
3450,1725,11021,53,0,0
3452,1726,11021,49,0,0
3454,1727,11002,47,0,0
3456,1728,11002,47,0,0
3458,1729,11002,54,0,0
3460,1730,10983,40,0,0
3462,1731,10983,51,0,0
3464,1732,10983,48,0,0
3466,1733,10964,51,0,0
3468,1734,10964,49,0,0
3470,1735,10964,49,0,0
3472,1736,10945,49,0,0
3474,1737,10945,50,0,0
3476,1738,10945,48,0,0
3478,1739,10926,47,0,0
3480,1740,10926,49,0,0
3482,1741,10926,50,0,0
3484,1742,10907,49,0,0
3486,1743,10907,47,0,0
3488,1744,10907,48,0,0
3490,1745,10888,47,0,0
3492,1746,10888,49,0,0
3494,1747,10888,51,0,0
3496,1748,10869,52,0,0
3498,1749,10869,45,0,0
3500,1750,10869,53,0,0
3502,1751,10850,51,0,0
3504,1752,10850,46,0,0
3506,1753,10850,49,0,0
3508,1754,10831,51,0,0
3510,1755,10831,48,0,0
3512,1756,10831,53,0,0
3514,1757,10812,50,0,0
3516,1758,10812,50,0,0
3518,1759,10812,50,0,0
3520,1760,10793,49,0,0
3522,1761,10793,52,0,0
3524,1762,10793,48,0,0
3526,1763,10774,48,0,0
3528,1764,10774,51,0,0
3530,1765,10774,51,0,0
3532,1766,10755,50,0,0
3534,1767,10755,48,0,0
3536,1768,10755,47,0,0
3538,1769,10736,41,0,0
3540,1770,10736,51,0,0
3542,1771,10736,51,0,0
3544,1772,10736,51,0,0
3546,1773,10717,50,0,0
3548,1774,10717,51,0,0
3550,1775,10717,49,0,0
3552,1776,10698,50,0,0
3554,1777,10698,46,0,0
3556,1778,11261,47,0,0
3558,1779,11241,57,0,0
3560,1780,11241,46,0,0
3562,1781,11241,47,0,0
3564,1782,11221,51,0,0
3566,1783,11221,44,0,0
3568,1784,11221,45,0,0
3570,1785,11201,50,0,0
3572,1786,11201,50,0,0
3574,1787,11201,50,0,0
3576,1788,11181,50,0,0
3578,1789,11181,52,0,0
3580,1790,11181,48,0,0
3582,1791,11181,50,0,0
3584,1792,11161,47,0,0
3586,1793,11161,49,0,0
3588,1794,11161,47,0,0
3590,1795,11141,49,0,0
3592,1796,11141,50,0,0
3594,1797,11141,49,0,0
3596,1798,11121,46,0,0
3598,1799,11121,53,0,0
3600,1800,11121,48,0,0
3602,1801,11101,45,0,0
3604,1802,11101,51,0,0
3606,1803,11101,48,0,0
3608,1804,11101,48,0,0
3610,1805,11081,52,0,0
3612,1806,11081,48,0,0
3614,1807,11081,47,0,0
3616,1808,11061,54,0,0
3618,1809,11061,46,0,0
3620,1810,11061,49,0,0
3622,1811,11041,48,0,0
3624,1812,11041,48,0,0
3626,1813,11041,51,0,0
3628,1814,11021,51,0,0
3630,1815,11021,48,0,0
3632,1816,11021,47,0,0
3634,1817,11021,48,0,0
3636,1818,11001,68,0,0
3638,1819,11001,46,0,0
3640,1820,11001,49,0,0
3642,1821,10981,51,0,0
3644,1822,10981,48,0,0
3646,1823,10981,51,0,0
3648,1824,10961,49,0,0
3650,1825,10961,51,0,0
3652,1826,10961,49,0,0
3654,1827,10961,47,0,0
3656,1828,10941,42,0,0
3658,1829,10941,50,0,0
3660,1830,10941,49,0,0
3662,1831,10921,47,0,0
3664,1832,10921,49,0,0
3666,1833,10921,51,0,0
3668,1834,10901,48,0,0
3670,1835,10901,49,0,0
3672,1836,10901,48,0,0
3674,1837,10901,58,0,0
3676,1838,10881,43,0,0
3678,1839,10881,46,0,0
3680,1840,10881,50,0,0
3682,1841,10861,50,0,0
3684,1842,10861,51,0,0
3686,1843,10861,49,0,0
3688,1844,10861,47,0,0
3690,1845,10841,52,0,0
3692,1846,10841,48,0,0
3694,1847,10841,48,0,0
3696,1848,10821,47,0,0
3698,1849,10821,53,0,0
3700,1850,10821,49,0,0
3702,1851,10801,49,0,0
3704,1852,10801,50,0,0
3706,1853,10801,49,0,0
3708,1854,10801,49,0,0
3710,1855,10781,51,0,0
3712,1856,10781,47,0,0
3714,1857,10781,72,0,0
3716,1858,10761,50,0,0
3718,1859,11299,48,0,0
3720,1860,10761,50,0,0
3722,1861,10761,46,0,0
3724,1862,11278,48,0,0
3726,1863,11278,52,0,0
3728,1864,11278,46,0,0
3730,1865,11257,48,0,0
3732,1866,10721,47,0,0
3734,1867,11257,58,0,0
3736,1868,11257,50,0,0
3738,1869,11236,51,0,0
3740,1870,11236,49,0,0
3742,1871,11236,50,0,0
3744,1872,11215,51,0,0
3746,1873,11215,49,0,0
3748,1874,11215,48,0,0
3750,1875,11215,49,0,0
3752,1876,11194,53,0,0
3754,1877,11194,46,0,0
3756,1878,11194,49,0,0
3758,1879,11173,49,0,0
3760,1880,11173,55,0,0
3762,1881,11173,50,0,0
3764,1882,11173,50,0,0
3766,1883,11152,47,0,0
3768,1884,11152,48,0,0
3770,1885,11152,46,0,0
3772,1886,11131,60,0,0
3774,1887,11131,39,0,0
3776,1888,11131,46,0,0
3778,1889,11131,48,0,0
3780,1890,11110,50,0,0
3782,1891,11110,50,0,0
3784,1892,11110,48,0,0
3786,1893,11089,46,0,0
3788,1894,11089,49,0,0
3790,1895,11089,48,0,0
3792,1896,11089,47,0,0
3794,1897,11068,47,0,0
3796,1898,11068,48,0,0
3798,1899,11068,47,0,0
3800,1900,11068,47,0,0
3802,1901,11047,51,0,0
3804,1902,11047,49,0,0
3806,1903,11047,49,0,0
3808,1904,11026,47,0,0
3810,1905,11026,48,0,0
3812,1906,11026,61,0,0
3814,1907,11026,52,0,0
3816,1908,11005,49,0,0
3818,1909,11005,50,0,0
3820,1910,11005,48,0,0
3822,1911,11005,51,0,0
3824,1912,10984,47,0,0
3826,1913,10984,50,0,0
3828,1914,10984,49,0,0
3830,1915,10963,48,0,0
3832,1916,10963,51,0,0
3834,1917,10963,48,0,0
3836,1918,10963,48,0,0
3838,1919,10942,45,0,0
3840,1920,10942,50,0,0
3842,1921,10942,50,0,0
3844,1922,10942,47,0,0
3846,1923,10921,50,0,0
3848,1924,10921,48,0,0
3850,1925,10921,61,0,0
3852,1926,10900,52,0,0
3854,1927,10900,46,0,0
3856,1928,10900,45,0,0
3858,1929,10900,51,0,0
3860,1930,10879,50,0,0
3862,1931,10879,48,0,0
3864,1932,10879,48,0,0
3866,1933,10879,48,0,0
3868,1934,10858,50,0,0
3870,1935,10858,47,0,0
3872,1936,10858,52,0,0
3874,1937,10837,49,0,0
3876,1938,10837,47,0,0
3878,1939,10837,46,0,0
3880,1940,10837,51,0,0
3882,1941,11331,49,0,0
3884,1942,10816,50,0,0
3886,1943,11331,50,0,0
3888,1944,11331,48,0,0
3890,1945,11309,49,0,0
3892,1946,11309,45,0,0
3894,1947,11309,49,0,0
3896,1948,11309,48,0,0
3898,1949,11287,51,0,0
3900,1950,11287,53,0,0
3902,1951,11287,48,0,0
3904,1952,11287,48,0,0
3906,1953,11265,48,0,0
3908,1954,11265,46,0,0
3910,1955,11265,39,0,0
3912,1956,11243,50,0,0
3914,1957,11243,48,0,0
3916,1958,11243,50,0,0
3918,1959,11243,47,0,0
3920,1960,11221,48,0,0
3922,1961,11221,49,0,0
3924,1962,11221,51,0,0
3926,1963,11221,49,0,0
3928,1964,11199,47,0,0
3930,1965,11199,52,0,0
3932,1966,11199,47,0,0
3934,1967,11199,49,0,0
3936,1968,11177,45,0,0
3938,1969,11177,50,0,0
3940,1970,11177,47,0,0
3942,1971,11177,47,0,0
3944,1972,11155,48,0,0
3946,1973,11155,48,0,0
3948,1974,11155,45,0,0
3950,1975,11155,52,0,0
3952,1976,11133,52,0,0
3954,1977,11133,50,0,0
3956,1978,11133,49,0,0
3958,1979,11133,49,0,0
3960,1980,11111,49,0,0
3962,1981,11111,53,0,0
3964,1982,11111,50,0,0
3966,1983,11111,50,0,0
3968,1984,11089,51,0,0
3970,1985,11089,48,0,0
3972,1986,11089,50,0,0
3974,1987,11089,47,0,0
3976,1988,11067,50,0,0
3978,1989,11067,47,0,0
3980,1990,11067,50,0,0
3982,1991,11067,46,0,0
3984,1992,11045,48,0,0
3986,1993,11045,47,0,0
3988,1994,11045,46,0,0
3990,1995,11045,51,0,0
3992,1996,11023,48,0,0
3994,1997,11023,50,0,0
3996,1998,11023,50,0,0
3998,1999,11023,48,0,0
4000,2000,11001,49,0,0
4002,2001,11001,50,0,0
4004,2002,11001,50,0,0
4006,2003,11001,47,0,0
4008,2004,10979,47,0,0
4010,2005,10979,48,0,0
4012,2006,10979,50,0,0
4014,2007,10979,46,0,0
4016,2008,10957,49,0,0
4018,2009,10957,48,0,0
4020,2010,10957,48,0,0
4022,2011,10957,48,0,0
4024,2012,10935,48,0,0
4026,2013,10935,45,0,0
4028,2014,10935,51,0,0
4030,2015,10935,50,0,0
4032,2016,10913,50,0,0
4034,2017,10913,51,0,0
4036,2018,10913,50,0,0
4038,2019,10913,48,0,0
4040,2020,10891,45,0,0
4042,2021,10891,47,0,0
4044,2022,10891,50,0,0
4046,2023,10891,48,0,0
4048,2024,10869,52,0,0
4050,2025,10869,53,0,0
4052,2026,10869,49,0,0
4054,2027,11363,51,0,0
4056,2028,11340,50,0,0
4058,2029,11340,48,0,0
4060,2030,11340,46,0,0
4062,2031,11340,52,0,0
4064,2032,11317,48,0,0
4066,2033,11317,52,0,0
4068,2034,11317,46,0,0
4070,2035,11317,49,0,0
4072,2036,11294,49,0,0
4074,2037,11294,51,0,0
4076,2038,11294,51,0,0
4078,2039,11294,51,0,0
4080,2040,11271,47,0,0
4082,2041,11271,50,0,0
4084,2042,11271,54,0,0
4086,2043,11271,71,0,0
4088,2044,11248,48,0,0
4090,2045,11248,51,0,0
4092,2046,11248,47,0,0
4094,2047,11248,46,0,0
4096,2048,11248,47,0,0
4098,2049,11225,49,0,0
4100,2050,11225,50,0,0
4102,2051,11225,49,0,0
4104,2052,11225,48,0,0
4106,2053,11202,50,0,0
4108,2054,11202,48,0,0
4110,2055,11202,50,0,0
4112,2056,11202,49,0,0
4114,2057,11179,50,0,0
4116,2058,11179,48,0,0
4118,2059,11179,49,0,0
4120,2060,11179,50,0,0
4122,2061,11156,48,0,0
4124,2062,11156,45,0,0
4126,2063,11156,50,0,0
4128,2064,11156,51,0,0
4130,2065,11156,47,0,0
4132,2066,11133,50,0,0
4134,2067,11133,50,0,0
4136,2068,11133,50,0,0
4138,2069,11133,54,0,0
4140,2070,11110,50,0,0
4142,2071,11110,48,0,0
4144,2072,11110,46,0,0
4146,2073,11110,50,0,0
4148,2074,11087,50,0,0
4150,2075,11087,48,0,0
4152,2076,11087,48,0,0
4154,2077,11087,51,0,0
4156,2078,11087,51,0,0
4158,2079,11064,47,0,0
4160,2080,11064,47,0,0
4162,2081,11064,46,0,0
4164,2082,11064,68,0,0
4166,2083,11041,51,0,0
4168,2084,11041,50,0,0
4170,2085,11041,50,0,0
4172,2086,11041,46,0,0
4174,2087,11018,51,0,0
4176,2088,11018,49,0,0
4178,2089,11018,50,0,0
4180,2090,11018,48,0,0
4182,2091,11018,47,0,0
4184,2092,10995,51,0,0
4186,2093,10995,50,0,0
4188,2094,10995,47,0,0
4190,2095,10995,56,0,0
4192,2096,10972,50,0,0
4194,2097,10972,49,0,0
4196,2098,10972,48,0,0
4198,2099,10972,51,0,0
4200,2100,10949,48,0,0
4202,2101,10949,45,0,0
4204,2102,10949,45,0,0
4206,2103,10949,50,0,0
4208,2104,10949,49,0,0
4210,2105,10926,49,0,0
4212,2106,11401,49,0,0
4214,2107,11401,49,0,0
4216,2108,10926,57,0,0
4218,2109,11377,50,0,0
4220,2110,11377,51,0,0
4222,2111,11377,53,0,0
4224,2112,11377,53,0,0
4226,2113,11377,51,0,0
4228,2114,11353,45,0,0
4230,2115,11353,50,0,0
4232,2116,11353,49,0,0
4234,2117,11353,48,0,0
4236,2118,11329,55,0,0
4238,2119,11329,52,0,0
4240,2120,11329,47,0,0
4242,2121,11329,46,0,0
4244,2122,11329,47,0,0
4246,2123,11305,52,0,0
4248,2124,11305,47,0,0
4250,2125,11305,47,0,0
4252,2126,11305,49,0,0
4254,2127,11281,49,0,0
4256,2128,11281,49,0,0
4258,2129,11281,48,0,0
4260,2130,11281,49,0,0
4262,2131,11281,63,0,0
4264,2132,11257,52,0,0
4266,2133,11257,50,0,0
4268,2134,11257,50,0,0
4270,2135,11257,47,0,0
4272,2136,11233,50,0,0
4274,2137,11233,48,0,0
4276,2138,11233,48,0,0
4278,2139,11233,50,0,0
4280,2140,11233,48,0,0
4282,2141,11209,51,0,0
4284,2142,11209,50,0,0
4286,2143,11209,49,0,0
4288,2144,11209,49,0,0
4290,2145,11185,50,0,0
4292,2146,11185,48,0,0
4294,2147,11185,50,0,0
4296,2148,11185,51,0,0
4298,2149,11185,48,0,0
4300,2150,11161,47,0,0
4302,2151,11161,53,0,0
4304,2152,11161,50,0,0
4306,2153,11161,49,0,0
4308,2154,11161,48,0,0
4310,2155,11137,52,0,0
4312,2156,11137,49,0,0
4314,2157,11137,47,0,0
4316,2158,11137,50,0,0
4318,2159,11113,48,0,0
4320,2160,11113,54,0,0
4322,2161,11113,48,0,0
4324,2162,11113,48,0,0
4326,2163,11113,48,0,0
4328,2164,11089,50,0,0
4330,2165,11089,50,0,0
4332,2166,11089,49,0,0
4334,2167,11089,48,0,0
4336,2168,11089,48,0,0
4338,2169,11065,48,0,0
4340,2170,11065,60,0,0
4342,2171,11065,46,0,0
4344,2172,11065,50,0,0
4346,2173,11041,48,0,0
4348,2174,11041,46,0,0
4350,2175,11041,47,0,0
4352,2176,11041,49,0,0
4354,2177,11041,49,0,0
4356,2178,11017,48,0,0
4358,2179,11017,52,0,0
4360,2180,11017,51,0,0
4362,2181,11017,49,0,0
4364,2182,11017,47,0,0
4366,2183,10993,52,0,0
4368,2184,10993,49,0,0
4370,2185,10993,46,0,0
4372,2186,10993,48,0,0
4374,2187,10993,50,0,0
4376,2188,10969,48,0,0
4378,2189,10969,45,0,0
4380,2190,11426,51,0,0
4382,2191,11426,48,0,0
4384,2192,11401,48,0,0
4386,2193,11401,55,0,0
4388,2194,11401,50,0,0
4390,2195,11401,51,0,0
4392,2196,11401,47,0,0
4394,2197,11376,48,0,0
4396,2198,11376,48,0,0
4398,2199,11376,60,0,0
4400,2200,11376,39,0,0
4402,2201,11376,49,0,0
4404,2202,11351,48,0,0
4406,2203,11351,51,0,0
4408,2204,11351,49,0,0
4410,2205,11351,49,0,0
4412,2206,11351,56,0,0
4414,2207,11326,51,0,0
4416,2208,11326,49,0,0
4418,2209,11326,46,0,0
4420,2210,11326,51,0,0
4422,2211,11326,53,0,0
4424,2212,11301,49,0,0
4426,2213,11301,49,0,0
4428,2214,11301,52,0,0
4430,2215,11301,49,0,0
4432,2216,11301,47,0,0
4434,2217,11276,48,0,0
4436,2218,11276,47,0,0
4438,2219,11276,37,0,0
4440,2220,11276,44,0,0
4442,2221,11276,50,0,0
4444,2222,11251,51,0,0
4446,2223,11251,47,0,0
4448,2224,11251,50,0,0
4450,2225,11251,50,0,0
4452,2226,11251,51,0,0
4454,2227,11226,48,0,0
4456,2228,11226,46,0,0
4458,2229,11226,45,0,0
4460,2230,11226,50,0,0
4462,2231,11226,47,0,0
4464,2232,11201,54,0,0
4466,2233,11201,48,0,0
4468,2234,11201,48,0,0
4470,2235,11201,46,0,0
4472,2236,11201,51,0,0
4474,2237,11176,47,0,0
4476,2238,11176,47,0,0
4478,2239,11176,47,0,0
4480,2240,11176,49,0,0
4482,2241,11176,49,0,0
4484,2242,11151,51,0,0
4486,2243,11151,50,0,0
4488,2244,11151,48,0,0
4490,2245,11151,57,0,0
4492,2246,11151,51,0,0
4494,2247,11126,50,0,0
4496,2248,11126,51,0,0
4498,2249,11126,48,0,0
4500,2250,11126,51,0,0
4502,2251,11126,48,0,0
4504,2252,11101,50,0,0
4506,2253,11101,52,0,0
4508,2254,11101,50,0,0
4510,2255,11101,47,0,0
4512,2256,11101,47,0,0
4514,2257,11076,49,0,0
4516,2258,11076,41,0,0
4518,2259,11076,51,0,0
4520,2260,11076,50,0,0
4522,2261,11076,47,0,0
4524,2262,11051,48,0,0
4526,2263,11051,50,0,0
4528,2264,11051,48,0,0
4530,2265,11051,50,0,0
4532,2266,11493,48,0,0
4534,2267,11467,46,0,0
4536,2268,11467,64,0,0
4538,2269,11026,50,0,0
4540,2270,11026,49,0,0
4542,2271,11467,47,0,0
4544,2272,11441,49,0,0
4546,2273,11441,48,0,0
4548,2274,11441,51,0,0
4550,2275,11441,51,0,0
4552,2276,11441,48,0,0
4554,2277,11415,48,0,0
4556,2278,11415,51,0,0
4558,2279,11415,49,0,0
4560,2280,11415,46,0,0
4562,2281,11415,55,0,0
4564,2282,11415,50,0,0
4566,2283,11389,47,0,0
4568,2284,11389,49,0,0
4570,2285,11389,52,0,0
4572,2286,11389,48,0,0
4574,2287,11389,45,0,0
4576,2288,11363,50,0,0
4578,2289,11363,51,0,0
4580,2290,11363,47,0,0
4582,2291,11363,52,0,0
4584,2292,11363,49,0,0
4586,2293,11337,48,0,0
4588,2294,11337,46,0,0
4590,2295,11337,48,0,0
4592,2296,11337,48,0,0
4594,2297,11337,51,0,0
4596,2298,11311,49,0,0
4598,2299,11311,50,0,0
4600,2300,11311,47,0,0
4602,2301,11311,49,0,0
4604,2302,11311,48,0,0
4606,2303,11311,47,0,0
4608,2304,11285,49,0,0
4610,2305,11285,50,0,0
4612,2306,11285,54,0,0
4614,2307,11285,38,0,0
4616,2308,11285,46,0,0
4618,2309,11259,51,0,0
4620,2310,11259,51,0,0
4622,2311,11259,48,0,0
4624,2312,11259,51,0,0
4626,2313,11259,49,0,0
4628,2314,11233,51,0,0
4630,2315,11233,46,0,0
4632,2316,11233,52,0,0
4634,2317,11233,51,0,0
4636,2318,11233,50,0,0
4638,2319,11233,48,0,0
4640,2320,11207,45,0,0
4642,2321,11207,50,0,0
4644,2322,11207,49,0,0
4646,2323,11207,48,0,0
4648,2324,11207,50,0,0
4650,2325,11181,49,0,0
4652,2326,11181,45,0,0
4654,2327,11181,47,0,0
4656,2328,11181,50,0,0
4658,2329,11181,49,0,0
4660,2330,11181,52,0,0
4662,2331,11155,49,0,0
4664,2332,11155,48,0,0
4666,2333,11155,48,0,0
4668,2334,11155,51,0,0
4670,2335,11155,49,0,0
4672,2336,11129,51,0,0
4674,2337,11129,51,0,0
4676,2338,11129,48,0,0
4678,2339,11129,49,0,0
4680,2340,11129,49,0,0
4682,2341,11103,47,0,0
4684,2342,11103,50,0,0
4686,2343,11103,49,0,0
4688,2344,11103,50,0,0
4690,2345,11103,50,0,0
4692,2346,11103,43,0,0
4694,2347,11077,50,0,0
4696,2348,11077,49,0,0
4698,2349,11503,50,0,0
4700,2350,11503,48,0,0
4702,2351,11503,48,0,0
4704,2352,11476,51,0,0
4706,2353,11476,50,0,0
4708,2354,11476,50,0,0
4710,2355,11476,48,0,0
4712,2356,11476,62,0,0
4714,2357,11476,52,0,0
4716,2358,11449,50,0,0
4718,2359,11449,51,0,0
4720,2360,11449,50,0,0
4722,2361,11449,49,0,0
4724,2362,11449,48,0,0
4726,2363,11449,50,0,0
4728,2364,11422,46,0,0
4730,2365,11422,46,0,0
4732,2366,11422,51,0,0
4734,2367,11422,47,0,0
4736,2368,11422,46,0,0
4738,2369,11395,45,0,0
4740,2370,11395,50,0,0
4742,2371,11395,48,0,0
4744,2372,11395,47,0,0
4746,2373,11395,49,0,0
4748,2374,11395,47,0,0
4750,2375,11368,45,0,0
4752,2376,11368,40,0,0
4754,2377,11368,51,0,0
4756,2378,11368,48,0,0
4758,2379,11368,49,0,0
4760,2380,11341,49,0,0
4762,2381,11341,48,0,0
4764,2382,11341,53,0,0
4766,2383,11341,49,0,0
4768,2384,11341,50,0,0
4770,2385,11341,47,0,0
4772,2386,11314,51,0,0
4774,2387,11314,51,0,0
4776,2388,11314,48,0,0
4778,2389,11314,50,0,0
4780,2390,11314,51,0,0
4782,2391,11314,49,0,0
4784,2392,11287,52,0,0
4786,2393,11287,49,0,0
4788,2394,11287,50,0,0
4790,2395,11287,62,0,0
4792,2396,11287,52,0,0
4794,2397,11287,48,0,0
4796,2398,11260,49,0,0
4798,2399,11260,47,0,0
4800,2400,11260,48,0,0
4802,2401,11260,48,0,0
4804,2402,11260,50,0,0
4806,2403,11233,48,0,0
4808,2404,11233,49,0,0
4810,2405,11233,45,0,0
4812,2406,11233,49,0,0
4814,2407,11233,47,0,0
4816,2408,11233,53,0,0
4818,2409,11206,49,0,0
4820,2410,11206,48,0,0
4822,2411,11206,49,0,0
4824,2412,11206,51,0,0
4826,2413,11206,48,0,0
4828,2414,11206,45,0,0
4830,2415,11179,53,0,0
4832,2416,11179,48,0,0
4834,2417,11179,50,0,0
4836,2418,11179,48,0,0
4838,2419,11179,51,0,0
4840,2420,11179,47,0,0
4842,2421,11152,51,0,0
4844,2422,11152,50,0,0
4846,2423,11152,49,0,0
4848,2424,11152,47,0,0
4850,2425,11152,52,0,0
4852,2426,11152,48,0,0
4854,2427,11125,50,0,0
4856,2428,11125,47,0,0
4858,2429,11125,53,0,0
4860,2430,11537,47,0,0
4862,2431,11537,56,0,0
4864,2432,11537,49,0,0
4866,2433,11509,50,0,0
4868,2434,11098,74,0,0
4870,2435,11509,47,0,0
4872,2436,11509,49,0,0
4874,2437,11509,48,0,0
4876,2438,11509,48,0,0
4878,2439,11481,48,0,0
4880,2440,11481,52,0,0
4882,2441,11481,47,0,0
4884,2442,11481,52,0,0
4886,2443,11481,47,0,0
4888,2444,11453,41,0,0
4890,2445,11453,45,0,0
4892,2446,11453,50,0,0
4894,2447,11453,49,0,0
4896,2448,11453,47,0,0
4898,2449,11453,45,0,0
4900,2450,11425,50,0,0
4902,2451,11425,48,0,0
4904,2452,11425,49,0,0
4906,2453,11425,47,0,0
4908,2454,11425,48,0,0
4910,2455,11425,51,0,0
4912,2456,11425,49,0,0
4914,2457,11397,48,0,0
4916,2458,11397,49,0,0
4918,2459,11397,48,0,0
4920,2460,11397,46,0,0
4922,2461,11397,51,0,0
4924,2462,11397,50,0,0
4926,2463,11369,50,0,0
4928,2464,11369,41,0,0
4930,2465,11369,52,0,0
4932,2466,11369,49,0,0
4934,2467,11369,47,0,0
4936,2468,11369,50,0,0
4938,2469,11341,48,0,0
4940,2470,11341,47,0,0
4942,2471,11341,49,0,0
4944,2472,11341,49,0,0
4946,2473,11341,47,0,0
4948,2474,11341,51,0,0
4950,2475,11313,51,0,0
4952,2476,11313,50,0,0
4954,2477,11313,46,0,0
4956,2478,11313,51,0,0
4958,2479,11313,48,0,0
4960,2480,11313,48,0,0
4962,2481,11285,47,0,0
4964,2482,11285,54,0,0
4966,2483,11285,42,0,0
4968,2484,11285,52,0,0
4970,2485,11285,47,0,0
4972,2486,11285,49,0,0
4974,2487,11257,48,0,0
4976,2488,11257,46,0,0
4978,2489,11257,51,0,0
4980,2490,11257,50,0,0
4982,2491,11257,48,0,0
4984,2492,11257,49,0,0
4986,2493,11229,50,0,0
4988,2494,11229,49,0,0
4990,2495,11229,51,0,0
4992,2496,11229,50,0,0
4994,2497,11229,48,0,0
4996,2498,11229,48,0,0
4998,2499,11229,50,0,0
5000,2500,11201,50,0,0
